일자,종가,대비,등락률,시가,고가,저가,거래량,거래대금,시가총액,상장주식수
2023/03/31,11410,230,2.06,11230,11410,11190,2399017,27235081620,8307170864090,728060549
2023/03/30,11180,-70,-0.62,11320,11320,11130,1933125,21639183790,8139716937820,728060549
2023/03/29,11250,60,0.54,11140,11290,11130,1487193,16670946360,8190681176250,728060549
2023/03/28,11190,200,1.82,11130,11220,11090,1664838,18588948730,8146997543310,728060549
2023/03/27,10990,-20,-0.18,11050,11060,10890,1319731,14483773500,8001385433510,728060549
2023/03/24,11010,-170,-1.52,11100,11110,10980,1883684,20753322540,8015946644490,728060549
2023/03/23,11180,-60,-0.53,11120,11180,11070,1771366,19709538650,8139716937820,728060549
2023/03/22,11240,-30,-0.27,11460,11480,11200,2280459,25836073480,8183400570760,728060549
2023/03/21,11270,250,2.27,11070,11300,11030,2968024,33298527640,8205242387230,728060549
2023/03/20,11020,-70,-0.63,11070,11270,11000,2194665,24328825770,8023227249980,728060549
2023/03/17,11090,140,1.28,11060,11260,11010,4092995,45424449910,8074191488410,728060549
2023/03/16,10950,-150,-1.35,10940,11000,10880,3285192,35893554770,7972263011550,728060549
2023/03/15,11100,90,0.82,11170,11370,10990,3159120,35280313030,8081472093900,728060549
2023/03/14,11010,-390,-3.42,11250,11260,11000,3190350,35336466290,8015946644490,728060549
2023/03/13,11400,100,0.88,11250,11430,11150,2047813,23105131940,8299890258600,728060549
2023/03/10,11300,-280,-2.42,11400,11420,11260,2961524,33528914560,8227084203700,728060549
2023/03/09,11580,-70,-0.6,11700,11720,11550,2894562,33617176270,8430941157420,728060549
2023/03/08,11650,-130,-1.1,11800,11870,11620,2202726,25802954470,8481905395850,728060549
2023/03/07,11780,90,0.77,11700,11860,11650,1857755,21929628190,8576553267220,728060549
2023/03/06,11690,-20,-0.17,11720,11860,11640,2968575,34811894544,8511027817810,728060549
2023/03/03,11710,-250,-2.09,11950,12030,11680,3021688,35612676760,8525589028790,728060549
2023/03/02,11960,-240,-1.97,12150,12230,11860,4031150,48351762920,8707604166040,728060549
2023/02/28,12200,50,0.41,12150,12260,12110,2772077,33789175400,8882338697800,728060549
2023/02/27,12150,-160,-1.3,12240,12280,12030,1983694,24065900130,8845935670350,728060549
2023/02/24,12310,100,0.82,12190,12400,12180,2745395,33760032220,8962425358190,728060549
2023/02/23,12210,20,0.16,12210,12430,12190,1804960,22158195330,8889619303290,728060549
2023/02/22,12190,-200,-1.61,12340,12360,12160,1665701,20383506090,8875058092310,728060549
2023/02/21,12390,0,0.0,12390,12490,12260,1439823,17846871660,9020670202110,728060549
2023/02/20,12390,-10,-0.08,12380,12440,12270,1206388,14921961160,9020670202110,728060549
2023/02/17,12400,270,2.23,12100,12490,12100,2447769,30331477650,9027950807600,728060549
2023/02/16,12130,-70,-0.57,12200,12300,12040,3043985,36909519800,8831374459370,728060549
2023/02/15,12200,-390,-3.1,12550,12550,12160,4085986,50240087110,8882338697800,728060549
2023/02/14,12590,-360,-2.78,12900,12930,12500,3285926,41509394080,9166282311910,728060549
2023/02/13,12950,300,2.37,12560,12950,12560,3204914,41254186050,9428384109550,728060549
2023/02/10,12650,220,1.77,12440,12740,12390,2379611,30092954960,9209965944850,728060549
2023/02/09,12430,-370,-2.89,12850,12920,12400,3300649,41484258210,9049792624070,728060549
2023/02/08,12800,500,4.07,12310,12810,12310,3442538,43596992410,9319175027200,728060549
2023/02/07,12300,-30,-0.24,12340,12370,12230,1963216,24133886650,8955144752700,728060549
2023/02/06,12330,-190,-1.52,12490,12490,12220,2858638,35366492610,8976986569170,728060549
2023/02/03,12520,-30,-0.24,12510,12720,12400,2812319,35297676840,9115318073480,728060549
2023/02/02,12550,-250,-1.95,12820,12850,12470,3243812,40849691070,9137159889950,728060549
2023/02/01,12800,10,0.08,12810,12910,12670,2662426,34006551540,9319175027200,728060549
2023/01/31,12790,-650,-4.84,13440,13500,12780,4524749,58724689910,9311894421710,728060549
2023/01/30,13440,-40,-0.3,13460,13510,13320,3127477,42017378710,9785133778560,728060549
2023/01/27,13480,110,0.82,13350,13500,13220,3675353,49288910425,9814256200520,728060549
2023/01/26,13370,480,3.72,12890,13370,12890,4693207,62112262520,9734169540130,728060549
2023/01/25,12890,190,1.5,12800,12950,12750,2263463,29127366180,9384700476610,728060549
2023/01/20,12700,200,1.6,12450,12800,12450,2198932,27788272050,9246368972300,728060549
2023/01/19,12500,-300,-2.34,12650,12750,12400,2624786,32940552000,9100756862500,728060549
2023/01/18,12800,-50,-0.39,12850,12900,12600,2369189,30152340850,9319175027200,728060549
2023/01/17,12850,-450,-3.38,13200,13300,12850,3369812,43772697850,9355578054650,728060549
2023/01/16,13300,550,4.31,12750,13400,12700,6163074,81285867600,9683205301700,728060549
2023/01/13,12750,400,3.24,12400,12800,12300,4037630,50821549200,9282771999750,728060549
2023/01/12,12350,0,0.0,12400,12550,12350,2818179,34951162900,8991547780150,728060549
2023/01/11,12350,-350,-2.76,12700,12700,12350,2687370,33481778709,8991547780150,728060549
2023/01/10,12700,300,2.42,12400,12700,12300,2435948,30579367800,9246368972300,728060549
2023/01/09,12400,-50,-0.4,12600,12700,12300,2795327,34852852150,9027950807600,728060549
2023/01/06,12450,50,0.4,12350,12700,12300,3900142,48912237000,9064353835050,728060549
2023/01/05,12400,500,4.2,11850,12450,11850,4531914,55534591400,9027950807600,728060549
2023/01/04,11900,450,3.93,11350,11900,11350,2855036,33509212300,8663920533100,728060549
2023/01/03,11450,200,1.78,11250,11500,11100,2183993,24692078450,8336293286050,728060549
2023/01/02,11250,-300,-2.6,11600,11700,11200,2059497,23496943800,8190681176250,728060549
2022/12/29,11550,-250,-2.12,11700,11900,11550,2983405,34812342850,8409099340950,728060549
2022/12/28,11800,-1200,-9.23,12200,12250,11700,6610706,78638723850,8591114478200,728060549
2022/12/27,13000,250,1.96,12800,13000,12750,5054983,65236125050,9464787137000,728060549
2022/12/26,12750,0,0.0,12750,12800,12700,2216919,28311048300,9282771999750,728060549
2022/12/23,12750,-150,-1.16,12800,12850,12700,2148171,27403923350,9282771999750,728060549
2022/12/22,12900,0,0.0,12900,12950,12750,1863013,23883609900,9391981082100,728060549
2022/12/21,12900,-50,-0.39,12950,13000,12850,2136130,27596062850,9391981082100,728060549
2022/12/20,12950,50,0.39,12900,13000,12850,1655714,21401418550,9428384109550,728060549
2022/12/19,12900,50,0.39,12800,12950,12750,1431662,18427378400,9391981082100,728060549
2022/12/16,12850,200,1.58,12500,12850,12450,2019523,25730145546,9355578054650,728060549
2022/12/15,12650,-150,-1.17,12800,12850,12650,1727615,21946630350,9209965944850,728060549
2022/12/14,12800,-50,-0.39,12900,12950,12700,1502037,19215022850,9319175027200,728060549
2022/12/13,12850,0,0.0,12950,12950,12600,2144615,27513547400,9355578054650,728060549
2022/12/12,12850,-100,-0.77,12850,12950,12800,1892067,24389734761,9355578054650,728060549
2022/12/09,12950,400,3.19,12700,12950,12600,2646114,33974314000,9428384109550,728060549
2022/12/08,12550,50,0.4,12550,12700,12350,3010001,37722129750,9137159889950,728060549
2022/12/07,12500,-250,-1.96,12750,12800,12450,2733905,34348780300,9100756862500,728060549
2022/12/06,12750,-50,-0.39,12700,12900,12650,1636968,20928306700,9282771999750,728060549
2022/12/05,12800,50,0.39,12800,12900,12650,1958008,24984313350,9319175027200,728060549
2022/12/02,12750,-350,-2.67,13050,13050,12750,2013356,25931169200,9282771999750,728060549
2022/12/01,13100,100,0.77,13100,13150,12950,2548936,33283545350,9537593191900,728060549
2022/11/30,13000,350,2.77,12600,13100,12550,6594930,85475806350,9464787137000,728060549
2022/11/29,12650,500,4.12,12200,12700,12200,2565432,32115182550,9209965944850,728060549
2022/11/28,12150,-300,-2.41,12450,12450,12100,2234111,27292814900,8845935670350,728060549
2022/11/25,12450,-100,-0.8,12600,12700,12350,1260692,15740811250,9064353835050,728060549
2022/11/24,12550,250,2.03,12350,12550,12300,1888066,23517813150,9137159889950,728060549
2022/11/23,12300,-50,-0.4,12350,12400,12200,1843767,22674803100,8955144752700,728060549
2022/11/22,12350,250,2.07,12100,12350,12050,1934745,23660790700,8991547780150,728060549
2022/11/21,12100,350,2.98,11850,12150,11750,2196632,26368607500,8809532642900,728060549
2022/11/18,11750,-150,-1.26,11900,12050,11750,2106079,25000762150,8554711450750,728060549
2022/11/17,11900,-300,-2.46,12200,12300,11900,2151493,25849739700,8663920533100,728060549
2022/11/16,12200,250,2.09,12000,12250,11900,2711425,32840485150,8882338697800,728060549
2022/11/15,11950,50,0.42,11950,12050,11900,1425191,17039200000,8700323560550,728060549
2022/11/14,11900,-50,-0.42,11950,12000,11850,1894775,22611975800,8663920533100,728060549
2022/11/11,11950,150,1.27,12050,12100,11800,2528678,30153324900,8700323560550,728060549
2022/11/10,11800,0,0.0,11700,11900,11650,2705729,31951621550,8591114478200,728060549
2022/11/09,11800,100,0.85,11750,11850,11700,1638350,19306353550,8591114478200,728060549
2022/11/08,11700,150,1.3,11600,11750,11500,2103317,24480226900,8518308423300,728060549
2022/11/07,11550,100,0.87,11550,11600,11400,2049829,23618297800,8409099340950,728060549
2022/11/04,11450,50,0.44,11350,11500,11350,2066898,23574874350,8336293286050,728060549
2022/11/03,11400,-200,-1.72,11400,11550,11300,2645627,30194874400,8299890258600,728060549
2022/11/02,11600,-150,-1.28,11700,11750,11550,2408874,28003567700,8445502368400,728060549
2022/11/01,11750,0,0.0,11800,11850,11700,1587902,18659516300,8554711450750,728060549
2022/10/31,11750,-100,-0.84,11950,12000,11650,2624974,30841704800,8554711450750,728060549
2022/10/28,11850,200,1.72,11600,11850,11500,2371994,27928738750,8627517505650,728060549
2022/10/27,11650,300,2.64,11450,11700,11400,2107632,24328331150,8481905395850,728060549
2022/10/26,11350,-150,-1.3,11550,11600,11300,2296456,26253894700,8263487231150,728060549
2022/10/25,11500,50,0.44,11500,11600,11400,2126579,24419497775,8372696313500,728060549
2022/10/24,11450,-300,-2.55,11900,11950,11300,3130649,36244188600,8336293286050,728060549
2022/10/21,11750,-250,-2.08,11950,11950,11650,2958137,34789881250,8554711450750,728060549
2022/10/20,12000,0,0.0,11950,12050,11750,4012900,47837760000,8736726588000,728060549
2022/10/19,12000,150,1.27,11950,12000,11850,2160785,25845439150,8736726588000,728060549
2022/10/18,11850,150,1.28,11900,12000,11700,2331163,27605982800,8627517505650,728060549
2022/10/17,11700,-150,-1.27,11800,11900,11600,2094259,24559170800,8518308423300,728060549
2022/10/14,11850,500,4.41,11500,11900,11500,2960492,34747543900,8627517505650,728060549
2022/10/13,11350,0,0.0,11400,11550,11300,2414972,27495701650,8263487231150,728060549
2022/10/12,11350,250,2.25,11100,11450,11000,2553530,28843354150,8263487231150,728060549
2022/10/11,11100,-300,-2.63,11200,11250,11000,1626709,18068470750,8081472093900,728060549
2022/10/07,11400,300,2.7,11050,11400,10950,1665047,18668653900,8299890258600,728060549
2022/10/06,11100,-100,-0.89,11150,11250,11100,940751,10499878950,8081472093900,728060549
2022/10/05,11200,100,0.9,11300,11450,11050,2443965,27400983450,8154278148800,728060549
2022/10/04,11100,400,3.74,10800,11200,10750,2238962,24684188250,8081472093900,728060549
2022/09/30,10700,-250,-2.28,10850,10950,10650,2261502,24371113650,7790247874300,728060549
2022/09/29,10950,0,0.0,11000,11200,10900,2367295,26065306350,7972263011550,728060549
2022/09/28,10950,-300,-2.67,11150,11150,10700,4009821,43744136000,7972263011550,728060549
2022/09/27,11250,-100,-0.88,11400,11450,11000,2857597,31877940550,8190681176250,728060549
2022/09/26,11350,-600,-5.02,11850,11900,11300,3321852,38251284200,8263487231150,728060549
2022/09/23,11950,150,1.27,11850,12000,11750,2279826,27101954200,8700323560550,728060549
2022/09/22,11800,0,0.0,11650,11850,11600,1789908,21038989400,8591114478200,728060549
2022/09/21,11800,-50,-0.42,11750,11850,11700,1843805,21763008250,8591114478200,728060549
2022/09/20,11850,150,1.28,11750,11850,11700,1287105,15179595550,8627517505650,728060549
2022/09/19,11700,-100,-0.85,11850,11900,11600,1203409,14086770350,8518308423300,728060549
2022/09/16,11800,100,0.85,11700,11850,11600,2153386,25301967650,8591114478200,728060549
2022/09/15,11700,150,1.3,11650,11800,11500,1891997,22126561750,8518308423300,728060549
2022/09/14,11550,-250,-2.12,11450,11700,11400,2016937,23273692900,8409099340950,728060549
2022/09/13,11800,450,3.96,11550,11800,11500,2863102,33467980050,8591114478200,728060549
2022/09/08,11350,50,0.44,11350,11400,11100,2772670,31285074700,8263487231150,728060549
2022/09/07,11300,-250,-2.16,11450,11500,11250,1859511,21073533950,8227084203700,728060549
2022/09/06,11550,-50,-0.43,11600,11650,11450,1211787,13961072050,8409099340950,728060549
2022/09/05,11600,150,1.31,11450,11750,11450,1810213,20915617800,8445502368400,728060549
2022/09/02,11450,-100,-0.87,11550,11650,11350,2238388,25654548850,8336293286050,728060549
2022/09/01,11550,-650,-5.33,12100,12250,11550,3855632,45344720650,8409099340950,728060549
2022/08/31,12200,150,1.24,12000,12200,11950,5496204,66839805250,8882338697800,728060549
2022/08/30,12050,50,0.42,12050,12150,11950,1666215,20067638200,8773129615450,728060549
2022/08/29,12000,-300,-2.44,12050,12100,11900,2056779,24671401800,8736726588000,728060549
2022/08/26,12300,0,0.0,12350,12400,12200,1695519,20815970600,8955144752700,728060549
2022/08/25,12300,100,0.82,12200,12400,12200,1365150,16786790200,8955144752700,728060549
2022/08/24,12200,150,1.24,12100,12250,12050,1882140,22926611150,8882338697800,728060549
2022/08/23,12050,-150,-1.23,12050,12200,12000,1704136,20574522200,8773129615450,728060549
2022/08/22,12200,-250,-2.01,12350,12350,12100,1713563,20901330400,8882338697800,728060549
2022/08/19,12450,250,2.05,12200,12450,12050,2548425,31322148950,9064353835050,728060549
2022/08/18,12200,-250,-2.01,12300,12350,12200,1498647,18357950550,8882338697800,728060549
2022/08/17,12450,100,0.81,12400,12500,12250,1850783,22900061300,9064353835050,728060549
2022/08/16,12350,-50,-0.4,12450,12500,12300,1601210,19768239450,8991547780150,728060549
2022/08/12,12400,100,0.81,12400,12550,12300,2713720,33615880750,9027950807600,728060549
2022/08/11,12300,300,2.5,12150,12300,12100,2718338,33181000250,8955144752700,728060549
2022/08/10,12000,-200,-1.64,12200,12200,11950,2190402,26357110000,8736726588000,728060549
2022/08/09,12200,50,0.41,12200,12250,12050,1793147,21769057950,8882338697800,728060549
2022/08/08,12150,350,2.97,11850,12150,11800,3256631,39113907150,8845935670350,728060549
2022/08/05,11800,50,0.43,11800,11950,11750,2676614,31714224700,8591114478200,728060549
2022/08/04,11750,-100,-0.84,11900,11900,11700,1345945,15821571000,8554711450750,728060549
2022/08/03,11850,100,0.85,11700,11850,11700,1430050,16870560296,8627517505650,728060549
2022/08/02,11750,0,0.0,11750,11800,11600,1816087,21233855200,8554711450750,728060549
2022/08/01,11750,-150,-1.26,11850,11900,11700,1707439,20129192800,8554711450750,728060549
2022/07/29,11900,150,1.28,11750,11900,11700,2054621,24340848218,8663920533100,728060549
2022/07/28,11750,-100,-0.84,11900,12000,11600,2439949,28638039350,8554711450750,728060549
2022/07/27,11850,-50,-0.42,11800,11850,11650,1862661,21897388150,8627517505650,728060549
2022/07/26,11900,-50,-0.42,11950,11950,11750,1850172,21872016700,8663920533100,728060549
2022/07/25,11950,-100,-0.83,12050,12200,11900,1610250,19339414250,8700323560550,728060549
2022/07/22,12050,-150,-1.23,12200,12250,11900,2282212,27402282600,8773129615450,728060549
2022/07/21,12200,250,2.09,12000,12200,11800,3079548,37212780900,8882338697800,728060549
2022/07/20,11950,350,3.02,11900,12250,11850,4041303,48680591350,8700323560550,728060549
2022/07/19,11600,-50,-0.43,11550,11750,11500,1545389,17948430750,8445502368400,728060549
2022/07/18,11650,650,5.91,11250,11650,11200,3470919,39955457300,8481905395850,728060549
2022/07/15,11000,-300,-2.65,11200,11250,10800,3138758,34492871700,8008666039000,728060549
2022/07/14,11300,-150,-1.31,11350,11450,11300,2297018,26072227700,8227084203700,728060549
2022/07/13,11450,100,0.88,11450,11600,11400,2247422,25849233350,8336293286050,728060549
2022/07/12,11350,-200,-1.73,11500,11500,11200,2015459,22888750200,8263487231150,728060549
2022/07/11,11550,-50,-0.43,11600,11750,11500,1361105,15784724750,8409099340950,728060549
2022/07/08,11600,150,1.31,11450,11750,11350,1963281,22766993450,8445502368400,728060549
2022/07/07,11450,150,1.33,11400,11550,11150,3633084,41385083200,8336293286050,728060549
2022/07/06,11300,-600,-5.04,11750,11800,11200,3968253,45269196600,8227084203700,728060549
2022/07/05,11900,250,2.15,11700,11950,11600,2517453,29661718500,8663920533100,728060549
2022/07/04,11650,-350,-2.92,12000,12000,11500,2622898,30635157350,8481905395850,728060549
2022/07/01,12000,-100,-0.83,12200,12350,11850,2667706,32251623950,8736726588000,728060549
2022/06/30,12100,50,0.41,12000,12200,11950,2346127,28329231350,8809532642900,728060549
2022/06/29,12050,-500,-3.98,12400,12450,11950,4466224,53958560050,8773129615450,728060549
2022/06/28,12550,50,0.4,12550,12650,12350,3742054,46809856850,9137159889950,728060549
2022/06/27,12500,-350,-2.72,12950,13000,12450,4213292,53112684100,9100756862500,728060549
2022/06/24,12850,350,2.8,12500,12850,12400,2597873,32892770300,9355578054650,728060549
2022/06/23,12500,-300,-2.34,12800,13000,12400,4122431,52099708850,9100756862500,728060549
2022/06/22,12800,-500,-3.76,13350,13450,12700,3616020,46737651500,9319175027200,728060549
2022/06/21,13300,-100,-0.75,13500,13600,13250,2148219,28845840200,9683205301700,728060549
2022/06/20,13400,-250,-1.83,13550,13650,13150,3133997,41815463650,9756011356600,728060549
2022/06/17,13650,-250,-1.8,13650,13800,13500,26978864,360244580450,9938026493850,728060549
2022/06/16,13900,-100,-0.71,14150,14250,13900,2134037,30012877200,10120041631100,728060549
2022/06/15,14000,-350,-2.44,14300,14350,13950,2220476,31287543050,10192847686000,728060549
2022/06/14,14350,300,2.14,13750,14350,13750,3314962,46665054600,10447668878150,728060549
2022/06/13,14050,-700,-4.75,14500,14500,14000,3963793,56212982850,10229250713450,728060549
2022/06/10,14750,-150,-1.01,14750,14850,14550,1857951,27373034700,10738893097750,728060549
2022/06/09,14900,150,1.02,14750,14950,14700,4449193,66179233550,10848102180100,728060549
2022/06/08,14750,150,1.03,14700,14850,14600,1820335,26840941600,10738893097750,728060549
2022/06/07,14600,0,0.0,14600,14700,14500,1740445,25392613650,10629684015400,728060549
2022/06/03,14600,0,0.0,14750,14800,14500,1658177,24241792750,10629684015400,728060549
2022/06/02,14600,-300,-2.01,15000,15000,14550,2865157,42273805300,10629684015400,728060549
2022/05/31,14900,-50,-0.33,14950,15100,14700,11738420,175027709500,10848102180100,728060549
2022/05/30,14950,50,0.34,15000,15150,14900,1615577,24281709500,10884505207550,728060549
2022/05/27,14900,50,0.34,14850,15000,14750,2338613,34781688650,10848102180100,728060549
2022/05/26,14850,50,0.34,14850,15000,14550,2363451,34988850250,10811699152650,728060549
2022/05/25,14800,0,0.0,14850,14950,14750,1971404,29266281200,10775296125200,728060549
2022/05/24,14800,150,1.02,14750,14950,14750,2421215,35948559300,10775296125200,728060549
2022/05/23,14650,50,0.34,14650,14700,14350,2109254,30727538750,10666087042850,728060549
2022/05/20,14600,400,2.82,14100,14750,14100,4807353,69818098800,10629684015400,728060549
2022/05/19,14200,-700,-4.7,14250,14400,14000,10104330,143162217150,10338459795800,728060549
2022/05/18,14900,-800,-5.1,15250,15250,14800,25912180,392422792850,10848102180100,728060549
2022/05/17,15700,0,0.0,15750,16000,15650,2837785,44929405300,11430550619300,728060549
2022/05/16,15700,0,0.0,15750,15800,15500,2048792,32081188500,11430550619300,728060549
2022/05/13,15700,650,4.32,15300,15750,15100,4085943,63582626500,11430550619300,728060549
2022/05/12,15050,400,2.73,14500,15250,14500,3285891,49268580550,10957311262450,728060549
2022/05/11,14650,-300,-2.01,14950,15050,14550,2506301,36799205150,10666087042850,728060549
2022/05/10,14950,-350,-2.29,15250,15250,14900,1864518,27981862400,10884505207550,728060549
2022/05/09,15300,0,0.0,15250,15400,15150,1616294,24721287850,11139326399700,728060549
2022/05/06,15300,-50,-0.33,15250,15350,15100,1603983,24502948950,11139326399700,728060549
2022/05/04,15350,150,0.99,15200,15450,15200,1635531,25126132150,11175729427150,728060549
2022/05/03,15200,250,1.67,14900,15300,14850,2111238,31979024200,11066520344800,728060549
2022/05/02,14950,200,1.36,14450,14950,14400,1954649,28852343950,10884505207550,728060549
2022/04/29,14750,-550,-3.59,15150,15200,14600,4987409,73532308250,10738893097750,728060549
2022/04/28,15300,0,0.0,14900,15350,14350,5016438,74814482950,11139326399700,728060549
2022/04/27,15300,-400,-2.55,15400,15500,15050,2350194,35974176300,11139326399700,728060549
2022/04/26,15700,-100,-0.63,15900,15900,15550,2096419,32913591200,11430550619300,728060549
2022/04/25,15800,-400,-2.47,16150,16350,15750,2929023,46836267350,11503356674200,728060549
2022/04/22,16200,0,0.0,16050,16300,15950,2621544,42319078100,11794580893800,728060549
2022/04/21,16200,200,1.25,16150,16200,15850,2020934,32493438000,11794580893800,728060549
2022/04/20,16000,200,1.27,15750,16050,15700,3448198,54960600650,11648968784000,728060549
2022/04/19,15800,550,3.61,15300,15800,15300,2875895,44828682600,11503356674200,728060549
2022/04/18,15250,50,0.33,15150,15250,15050,679329,10316000400,11102923372250,728060549
2022/04/15,15200,-200,-1.3,15350,15400,15200,999294,15271884850,11066520344800,728060549
2022/04/14,15400,100,0.65,15250,15400,15200,1475005,22622592000,11212132454600,728060549
2022/04/13,15300,-150,-0.97,15400,15400,15150,1497102,22888766750,11139326399700,728060549
2022/04/12,15450,0,0.0,15450,15500,15300,2038529,31413693800,11248535482050,728060549
2022/04/11,15450,250,1.64,15200,15450,15150,1898856,29191176050,11248535482050,728060549
2022/04/08,15200,50,0.33,15150,15250,15000,1354843,20556592600,11066520344800,728060549
2022/04/07,15150,150,1.0,14950,15250,14850,2382154,35848014300,11030117317350,728060549
2022/04/06,15000,150,1.01,14850,15100,14800,1845030,27682526350,10920908235000,728060549
2022/04/05,14850,-450,-2.94,15300,15350,14800,2576657,38413983600,10811699152650,728060549
2022/04/04,15300,-50,-0.33,15350,15450,15250,1171768,17932827200,11139326399700,728060549
2022/04/01,15350,0,0.0,15050,15350,15050,1403428,21395347850,11175729427150,728060549
2022/03/31,15350,150,0.99,15300,15500,15250,1968902,30248673250,11175729427150,728060549
2022/03/30,15200,-250,-1.62,15500,15500,15150,2132742,32560110725,11066520344800,728060549
2022/03/29,15450,200,1.31,15350,15800,15350,2859632,44390639450,11248535482050,728060549
2022/03/28,15250,150,0.99,15050,15350,14950,1466286,22325916400,11102923372250,728060549
2022/03/25,15100,-100,-0.66,15150,15200,14900,1589638,23928517850,10993714289900,728060549
2022/03/24,15200,100,0.66,15000,15200,14950,1770922,26777858300,11066520344800,728060549
2022/03/23,15100,200,1.34,15050,15300,15000,2859562,43305168600,10993714289900,728060549
2022/03/22,14900,350,2.41,14650,15000,14600,2141134,31829678450,10848102180100,728060549
2022/03/21,14550,-250,-1.69,14800,14900,14550,1614234,23713179300,10593280987950,728060549
2022/03/18,14800,150,1.02,14550,14800,14500,6435482,95002472400,10775296125200,728060549
2022/03/17,14650,150,1.03,14800,15000,14650,3468479,51334530500,10666087042850,728060549
2022/03/16,14500,50,0.35,14500,14550,14300,2004937,28949969650,10556877960500,728060549
2022/03/15,14450,200,1.4,14400,14500,14150,2558480,36786516400,10520474933050,728060549
2022/03/14,14250,200,1.42,14000,14250,13900,1938870,27469426450,10374862823250,728060549
2022/03/11,14050,0,0.0,14000,14100,13850,2014585,28226745750,10229250713450,728060549
2022/03/10,14050,550,4.07,14000,14200,13850,4085167,57220408100,10229250713450,728060549
2022/03/08,13500,50,0.37,13100,13550,13050,3620282,48502160550,9828817411500,728060549
2022/03/07,13450,-500,-3.58,13650,13750,13350,3768541,50681979350,9792414384050,728060549
2022/03/04,13950,-200,-1.41,13950,14050,13700,2866299,39717304650,10156444658550,728060549
2022/03/03,14150,450,3.28,13950,14150,13850,2354759,33065847300,10302056768350,728060549
2022/03/02,13700,-600,-4.2,14050,14150,13550,4867388,66847983250,9974429521300,728060549
2022/02/28,14300,100,0.7,14200,14300,14050,4962074,70636754750,10411265850700,728060549
2022/02/25,14200,-50,-0.35,14200,14350,14000,3018445,42789630550,10338459795800,728060549
2022/02/24,14250,-150,-1.04,14250,14350,14000,3355199,47605879400,10374862823250,728060549
2022/02/23,14400,-200,-1.37,14700,14750,14350,2259226,32743871200,10484071905600,728060549
2022/02/22,14600,100,0.69,14300,14700,14250,2786795,40228152250,10629684015400,728060549
2022/02/21,14500,-350,-2.36,14550,14650,14450,1970233,28586670000,10556877960500,728060549
2022/02/18,14850,-50,-0.34,14550,14950,14550,2477828,36506684300,10811699152650,728060549
2022/02/17,14900,250,1.71,14650,15200,14650,3989435,59663941650,10848102180100,728060549
2022/02/16,14650,150,1.03,14750,14800,14350,3521163,51279986350,10666087042850,728060549
2022/02/15,14500,-200,-1.36,14700,14800,14400,3458230,50442999350,10556877960500,728060549
2022/02/14,14700,-450,-2.97,15050,15100,14500,5076468,74400339300,10702490070300,728060549
2022/02/11,15150,-400,-2.57,15200,15350,15000,23609095,356617342550,11030117317350,728060549
2022/02/10,15550,-300,-1.89,15900,16100,15450,3307556,51793927500,11321341536950,728060549
2022/02/09,15850,650,4.28,15300,15900,15250,3867919,60821757050,11539759701650,728060549
2022/02/08,15200,100,0.66,15200,15400,14950,2249988,34114072200,11066520344800,728060549
2022/02/07,15100,-250,-1.63,15600,15600,15000,3163495,48124714150,10993714289900,728060549
2022/02/04,15350,700,4.78,14650,15450,14650,4275274,64669638300,11175729427150,728060549
2022/02/03,14650,0,0.0,14700,14900,14450,2292121,33593545200,10666087042850,728060549
2022/01/28,14650,350,2.45,14450,14750,14350,3080939,44919254230,10666087042850,728060549
2022/01/27,14300,-50,-0.35,14350,14600,14100,3598578,51468711700,10411265850700,728060549
2022/01/26,14350,350,2.5,14000,14450,14000,3085528,43886539300,10447668878150,728060549
2022/01/25,14000,-500,-3.45,14500,14500,13850,3360048,47087235750,10192847686000,728060549
2022/01/24,14500,-350,-2.36,14850,14950,14300,3094990,44829801150,10556877960500,728060549
2022/01/21,14850,50,0.34,14650,14900,14600,1531309,22598709350,10811699152650,728060549
2022/01/20,14800,-250,-1.66,15000,15100,14650,2880216,42743076150,10775296125200,728060549
2022/01/19,15050,150,1.01,14700,15350,14700,3263293,49153917100,10957311262450,728060549
2022/01/18,14900,100,0.68,14800,15000,14700,1880801,27923174250,10848102180100,728060549
2022/01/17,14800,-200,-1.33,14850,14900,14450,1979429,29143042100,10775296125200,728060549
2022/01/14,15000,0,0.0,14900,15150,14500,4598922,68560689400,10920908235000,728060549
2022/01/13,15000,100,0.67,14800,15000,14750,2678410,39920866800,10920908235000,728060549
2022/01/12,14900,350,2.41,14550,14900,14400,4337072,63642174750,10848102180100,728060549
2022/01/11,14550,600,4.3,13850,14700,13850,7886028,113752002300,10593280987950,728060549
2022/01/10,13950,850,6.49,13200,13950,13150,7988069,109458754200,10156444658550,728060549
2022/01/07,13100,250,1.95,12950,13100,12850,1922826,25038469100,9537593191900,728060549
2022/01/06,12850,-200,-1.53,13050,13150,12800,1716327,22223552150,9355578054650,728060549
2022/01/05,13050,50,0.38,13150,13200,12950,2385685,31174679350,9501190164450,728060549
2022/01/04,13000,200,1.56,12800,13000,12750,2130795,27465135600,9464787137000,728060549
2022/01/03,12800,100,0.79,12600,12950,12600,1498991,19158493900,9319175027200,728060549
2021/12/30,12700,-150,-1.17,12800,12850,12650,1517816,19361711200,9246368972300,728060549
2021/12/29,12850,-300,-2.28,12600,12900,12500,4512421,57110274400,9355578054650,728060549
2021/12/28,13150,0,0.0,13150,13200,13000,5214031,68107728250,9573996219350,728060549
2021/12/27,13150,-250,-1.87,13400,13450,13150,2577392,34124540100,9573996219350,728060549
2021/12/24,13400,-50,-0.37,13400,13500,13350,1627964,21834450400,9756011356600,728060549
2021/12/23,13450,0,0.0,13450,13500,13350,1285750,17237190100,9792414384050,728060549
2021/12/22,13450,0,0.0,13450,13550,13400,1252740,16874258000,9792414384050,728060549
2021/12/21,13450,150,1.13,13350,13500,13350,1187283,15937797100,9792414384050,728060549
2021/12/20,13300,-250,-1.85,13450,13500,13250,1517871,20278693100,9683205301700,728060549
2021/12/17,13550,200,1.5,13350,13650,13350,3442434,46576894150,9865220438950,728060549
2021/12/16,13350,50,0.38,13300,13350,13200,1252550,16643313500,9719608329150,728060549
2021/12/15,13300,100,0.76,13200,13300,13100,918487,12125468350,9683205301700,728060549
2021/12/14,13200,50,0.38,13050,13200,12950,1308347,17157880850,9610399246800,728060549
2021/12/13,13150,150,1.15,13000,13300,13000,1753136,23131310300,9573996219350,728060549
2021/12/10,13000,-50,-0.38,13000,13100,12900,1393009,18101439200,9464787137000,728060549
2021/12/09,13050,0,0.0,13050,13100,12900,2100057,27315288100,9501190164450,728060549
2021/12/08,13050,0,0.0,13100,13200,13000,1854494,24263026450,9501190164450,728060549
2021/12/07,13050,200,1.56,12900,13050,12850,1526303,19791688700,9501190164450,728060549
2021/12/06,12850,100,0.78,12650,12950,12650,1375052,17625881100,9355578054650,728060549
2021/12/03,12750,250,2.0,12550,12850,12500,2190403,27780771150,9282771999750,728060549
2021/12/02,12500,50,0.4,12400,12550,12100,1945225,24042659050,9100756862500,728060549
2021/12/01,12450,-150,-1.19,12600,12700,12400,2126224,26645311800,9064353835050,728060549
2021/11/30,12600,-100,-0.79,12700,12750,12250,4729690,59074950300,9173562917400,728060549
2021/11/29,12700,-200,-1.55,12400,12800,12400,2861736,36197213000,9246368972300,728060549
2021/11/26,12900,-600,-4.44,13400,13450,12850,3023428,39444214800,9391981082100,728060549
2021/11/25,13500,0,0.0,13550,13600,13400,1498620,20259121800,9828817411500,728060549
2021/11/24,13500,50,0.37,13400,13600,13350,1847800,24943521200,9828817411500,728060549
2021/11/23,13450,100,0.75,13450,13550,13250,1838815,24674814550,9792414384050,728060549
2021/11/22,13350,250,1.91,13050,13400,12900,2642415,35060238150,9719608329150,728060549
2021/11/19,13100,-400,-2.96,13400,13500,12900,3053542,39970894400,9537593191900,728060549
2021/11/18,13500,100,0.75,13350,13550,13150,1551149,20696658200,9828817411500,728060549
2021/11/17,13400,-150,-1.11,13550,13650,13250,1796661,24140901400,9756011356600,728060549
2021/11/16,13550,100,0.74,13350,13550,13350,1505453,20281173950,9865220438950,728060549
2021/11/15,13450,300,2.28,13200,13450,13050,2131892,27978974950,9792414384050,728060549
2021/11/12,13150,50,0.38,13150,13350,13050,1832615,24198688500,9573996219350,728060549
2021/11/11,13100,-100,-0.76,13200,13300,13050,1997456,26219963000,9537593191900,728060549
2021/11/10,13200,-50,-0.38,13150,13300,13100,1400660,18451414000,9610399246800,728060549
2021/11/09,13250,-100,-0.75,13300,13550,13100,1468155,19502990200,9646802274250,728060549
2021/11/08,13350,50,0.38,13250,13400,13000,1670951,22063244650,9719608329150,728060549
2021/11/05,13300,-300,-2.21,13600,13600,13250,2526718,33841021900,9683205301700,728060549
2021/11/04,13600,300,2.26,13350,13600,13300,2293763,30948929300,9901623466400,728060549
2021/11/03,13300,-150,-1.12,13500,13600,13200,2387662,31966354150,9683205301700,728060549
2021/11/02,13450,100,0.75,13300,13500,13300,1582771,21250655300,9792414384050,728060549
2021/11/01,13350,100,0.75,13200,13350,12850,2298620,30158712500,9719608329150,728060549
2021/10/29,13250,50,0.38,13350,13400,13100,2392909,31708306500,9646802274250,728060549
2021/10/28,13200,-200,-1.49,13400,13700,13200,4045228,54362931000,9610399246800,728060549
2021/10/27,13400,100,0.75,13300,13450,13150,2821913,37602722250,9756011356600,728060549
2021/10/26,13300,300,2.31,13200,13300,12900,2456711,32230413100,9683205301700,728060549
2021/10/25,13000,250,1.96,12800,13100,12700,3078599,39898638700,9464787137000,728060549
2021/10/22,12750,0,0.0,12750,13000,12650,2319347,29737929150,9282771999750,728060549
2021/10/21,12750,150,1.19,12650,12950,12600,3334291,42559332250,9282771999750,728060549
2021/10/20,12600,250,2.02,12400,12650,12350,3563992,44690828500,9173562917400,728060549
2021/10/19,12350,350,2.92,12050,12350,12000,2953960,36133218800,8991547780150,728060549
2021/10/18,12000,50,0.42,12050,12050,11900,1717955,20578480750,8736726588000,728060549
2021/10/15,11950,200,1.7,11800,11950,11750,2348145,27924097350,8700323560550,728060549
2021/10/14,11750,-50,-0.42,11800,11850,11600,2285118,26821987900,8554711450750,728060549
2021/10/13,11800,100,0.85,11650,11800,11650,1793877,21107185300,8591114478200,728060549
2021/10/12,11700,100,0.86,11650,11750,11550,3148305,36715304150,8518308423300,728060549
2021/10/08,11600,-100,-0.85,11650,11700,11500,2316215,26763826900,8445502368400,728060549
2021/10/07,11700,200,1.74,11550,11750,11550,2798884,32705139950,8518308423300,728060549
2021/10/06,11500,50,0.44,11550,11600,11400,2317148,26660572600,8372696313500,728060549
2021/10/05,11450,-50,-0.43,11500,11650,11300,3471981,39703021500,8336293286050,728060549
2021/10/01,11500,-150,-1.29,11550,11650,11400,1868187,21481958700,8372696313500,728060549
2021/09/30,11650,300,2.64,11350,11700,11350,3490488,40352925000,8481905395850,728060549
2021/09/29,11350,0,0.0,11300,11350,11200,2622377,29598741700,8263487231150,728060549
2021/09/28,11350,100,0.89,11300,11400,11250,3228844,36612471250,8263487231150,728060549
2021/09/27,11250,100,0.9,11100,11250,11100,1581382,17726403300,8190681176250,728060549
2021/09/24,11150,50,0.45,11150,11250,11100,2671261,29848113100,8117875121350,728060549
2021/09/23,11100,50,0.45,10950,11100,10900,2902730,31998674300,8081472093900,728060549
2021/09/17,11050,50,0.45,10950,11050,10850,2174021,23876594500,8045069066450,728060549
2021/09/16,11000,0,0.0,11000,11050,10850,2800947,30599468650,8008666039000,728060549
2021/09/15,11000,-100,-0.9,11000,11150,10950,2027652,22377608150,8008666039000,728060549
2021/09/14,11100,100,0.91,11050,11150,11050,2147981,23867198550,8081472093900,728060549
2021/09/13,11000,50,0.46,10950,11000,10850,1970736,21517048900,8008666039000,728060549
2021/09/10,10950,150,1.39,10850,10950,10800,2122524,23100968700,7972263011550,728060549
2021/09/09,10800,-300,-2.7,11000,11100,10650,5995776,65077182450,7863053929200,728060549
2021/09/08,11100,100,0.91,10950,11150,10900,1920057,21215992750,8081472093900,728060549
2021/09/07,11000,-100,-0.9,11050,11150,10950,1305667,14366456450,8008666039000,728060549
2021/09/06,11100,-150,-1.33,11250,11300,11050,2306295,25218431800,8081472093900,728060549
2021/09/03,11250,0,0.0,11300,11300,11150,1604712,18040545600,8190681176250,728060549
2021/09/02,11250,-50,-0.44,11200,11350,11200,2585524,29118340500,8190681176250,728060549
2021/09/01,11300,50,0.44,11200,11300,11100,1627546,18282227150,8227084203700,728060549
2021/08/31,11250,200,1.81,11050,11250,10900,3037236,33803656500,8190681176250,728060549
2021/08/30,11050,-300,-2.64,11350,11400,11050,2422974,27011542250,8045069066450,728060549
2021/08/27,11350,150,1.34,11150,11350,11100,2173145,24446706550,8263487231150,728060549
2021/08/26,11200,200,1.82,11050,11200,11000,2326079,25826250600,8089398049600,722267683
2021/08/25,11000,50,0.46,10950,11050,10900,1536421,16847278500,7944944513000,722267683
2021/08/24,10950,250,2.34,10800,11000,10750,2153553,23495153750,7908831128850,722267683
2021/08/23,10700,150,1.42,10600,10800,10550,1637399,17532527450,7728264208100,722267683
2021/08/20,10550,-200,-1.86,10750,10800,10450,2815436,29808441500,7619924055650,722267683
2021/08/19,10750,-300,-2.71,11000,11050,10700,3094696,33687552050,7764377592250,722267683
2021/08/18,11050,0,0.0,11050,11100,11000,2032249,22471301900,7981057897150,722267683
2021/08/17,11050,-50,-0.45,11050,11150,10950,2471075,27240528300,7981057897150,722267683
2021/08/13,11100,-100,-0.89,11300,11300,11000,2491841,27682194000,8017171281300,722267683
2021/08/12,11200,-50,-0.44,11300,11350,11150,2936782,33004026400,8089398049600,722267683
2021/08/11,11250,150,1.35,11150,11300,11100,3163116,35509418400,8125511433750,722267683
2021/08/10,11100,0,0.0,11150,11250,11000,2144479,23773456350,8017171281300,722267683
2021/08/09,11100,50,0.45,11150,11200,11100,2017747,22479105650,8017171281300,722267683
2021/08/06,11050,0,0.0,11100,11200,11000,2029751,22474663000,7981057897150,722267683
2021/08/05,11050,-150,-1.34,11150,11200,11050,1974282,21915982450,7981057897150,722267683
2021/08/04,11200,250,2.28,11000,11200,10950,2789648,31020575800,8089398049600,722267683
2021/08/03,10950,100,0.92,10850,10950,10800,1754510,19115164600,7908831128850,722267683
2021/08/02,10850,0,0.0,10900,10950,10800,1608934,17444373100,7836604360550,722267683
2021/07/30,10850,-200,-1.81,11050,11100,10850,3326823,36274902600,7836604360550,722267683
2021/07/29,11050,-50,-0.45,11100,11150,11000,3295893,36485447950,7981057897150,722267683
2021/07/28,11100,0,0.0,11050,11150,11000,3192146,35294214300,8017171281300,722267683
2021/07/27,11100,100,0.91,11100,11200,11050,2944072,32688925200,8017171281300,722267683
2021/07/26,11000,-200,-1.79,11200,11250,11000,3983685,44274890650,7944944513000,722267683
2021/07/23,11200,-450,-3.86,11400,11450,11200,36701721,410296126450,8089398049600,722267683
2021/07/22,11650,400,3.56,11500,11650,11450,3901897,45138287900,8414418506950,722267683
2021/07/21,11250,0,0.0,11300,11400,11200,1488310,16814180250,8125511433750,722267683
2021/07/20,11250,-50,-0.44,11100,11250,11100,1092941,12223033200,8125511433750,722267683
2021/07/19,11300,-50,-0.44,11350,11350,11250,1205816,13611025850,8161624817900,722267683
2021/07/16,11350,0,0.0,11350,11400,11250,1053379,11942616750,8197738202050,722267683
2021/07/15,11350,0,0.0,11350,11400,11250,1143805,12945553650,8197738202050,722267683
2021/07/14,11350,-50,-0.44,11350,11400,11250,998476,11314665500,8197738202050,722267683
2021/07/13,11400,150,1.33,11350,11450,11300,1266617,14429534900,8233851586200,722267683
2021/07/12,11250,100,0.9,11250,11450,11200,1929374,21763544000,8125511433750,722267683
2021/07/09,11150,-300,-2.62,11300,11350,11000,3186277,35530913900,8053284665450,722267683
2021/07/08,11450,0,0.0,11400,11650,11400,1797210,20630485700,8269964970350,722267683
2021/07/07,11450,-150,-1.29,11550,11600,11350,1985699,22725799750,8269964970350,722267683
2021/07/06,11600,0,0.0,11650,11700,11550,1238666,14421849400,8378305122800,722267683
2021/07/05,11600,50,0.43,11650,11700,11550,1514389,17590931050,8378305122800,722267683
2021/07/02,11550,100,0.87,11450,11600,11450,1249393,14431442300,8342191738650,722267683
2021/07/01,11450,0,0.0,11500,11550,11400,1397567,16005205650,8269964970350,722267683
2021/06/30,11450,-150,-1.29,11650,11650,11400,2025219,23303800750,8269964970350,722267683
2021/06/29,11600,-350,-2.93,11750,11800,11600,1834645,21430212150,8378305122800,722267683
2021/06/28,11950,100,0.84,11900,12100,11800,2870340,34245141200,8631098811850,722267683
2021/06/25,11850,200,1.72,11750,11850,11750,2048514,24204250250,8558872043550,722267683
2021/06/24,11650,300,2.64,11350,11650,11350,1749084,20179837000,8414418506950,722267683
2021/06/23,11350,-100,-0.87,11450,11500,11300,1600983,18197046900,8197738202050,722267683
2021/06/22,11450,150,1.33,11450,11550,11400,1891760,21725298100,8269964970350,722267683
2021/06/21,11300,-300,-2.59,11400,11500,11250,2514557,28530042950,8161624817900,722267683
2021/06/18,11600,-200,-1.69,11700,11750,11500,3666947,42575650100,8378305122800,722267683
2021/06/17,11800,-100,-0.84,11950,12050,11700,2406963,28528232510,8522758659400,722267683
2021/06/16,11900,450,3.93,11500,11950,11450,3850099,45578223050,8594985427700,722267683
2021/06/15,11450,150,1.33,11250,11450,11150,2011985,22837316254,8269964970350,722267683
2021/06/14,11300,-100,-0.88,11400,11450,11250,1593112,17988666850,8161624817900,722267683
2021/06/11,11400,0,0.0,11350,11450,11250,2261261,25626464650,8233851586200,722267683
2021/06/10,11400,-150,-1.3,11450,11550,11400,2268582,25958767050,8233851586200,722267683
2021/06/09,11550,-100,-0.86,11600,11700,11500,1617817,18692835550,8342191738650,722267683
2021/06/08,11650,0,0.0,11700,11750,11600,1488815,17391315850,8414418506950,722267683
2021/06/07,11650,50,0.43,11600,11700,11500,1603072,18586283050,8414418506950,722267683
2021/06/04,11600,250,2.2,11300,11800,11300,3627664,42192480300,8378305122800,722267683
2021/06/03,11350,100,0.89,11250,11400,11200,2273857,25732997100,8197738202050,722267683
2021/06/02,11250,50,0.45,11200,11250,11100,1967544,22057052850,8125511433750,722267683
2021/06/01,11200,50,0.45,11150,11200,11050,1115860,12462834500,8089398049600,722267683
2021/05/31,11150,100,0.9,11100,11150,11000,1629266,18081606050,8053284665450,722267683
2021/05/28,11050,150,1.38,10950,11150,10950,1762697,19475808750,7981057897150,722267683
2021/05/27,10900,-100,-0.91,10950,11000,10800,6795728,74053464850,7872717744700,722267683
2021/05/26,11000,-50,-0.45,11000,11050,10900,1566228,17177155650,7944944513000,722267683
2021/05/25,11050,0,0.0,11050,11100,10950,1602100,17666227700,7981057897150,722267683
2021/05/24,11050,150,1.38,10950,11150,10800,2565613,28274640500,7981057897150,722267683
2021/05/21,10900,-250,-2.24,11150,11200,10850,2082681,22837409700,7872717744700,722267683
2021/05/20,11150,-150,-1.33,11150,11350,11100,2346101,26207627550,8053284665450,722267683
2021/05/18,11300,200,1.8,11150,11400,11100,2048082,23142135100,8161624817900,722267683
2021/05/17,11100,0,0.0,11150,11200,11000,1730845,19200047150,8017171281300,722267683
2021/05/14,11100,50,0.45,11100,11200,11000,1811715,20119008700,8017171281300,722267683
2021/05/13,11050,0,0.0,10900,11250,10850,3489558,38778761850,7981057897150,722267683
2021/05/12,11050,-250,-2.21,11200,11300,10850,3495281,38603839300,7981057897150,722267683
2021/05/11,11300,0,0.0,11250,11450,11050,2628447,29476648250,8161624817900,722267683
2021/05/10,11300,300,2.73,11000,11350,10900,2750105,30704524250,8161624817900,722267683
2021/05/07,11000,50,0.46,11000,11050,10850,2220802,24399001350,7944944513000,722267683
2021/05/06,10950,450,4.29,10600,10950,10550,4710798,51072936700,7908831128850,722267683
2021/05/04,10500,-50,-0.47,10500,10650,10400,2176279,22833218600,7583810671500,722267683
2021/05/03,10550,-150,-1.4,10650,10750,10450,2078620,21979192400,7619924055650,722267683
2021/04/30,10700,-50,-0.47,10750,10900,10700,2760979,29778832550,7728264208100,722267683
2021/04/29,10750,-50,-0.46,10850,10850,10650,2288584,24532418950,7764377592250,722267683
2021/04/28,10800,150,1.41,10700,10850,10650,2848658,30643435000,7800490976400,722267683
2021/04/27,10650,50,0.47,10600,10650,10500,2381397,25233472700,7692150823950,722267683
2021/04/26,10600,100,0.95,10600,10700,10500,3273071,34626650950,7656037439800,722267683
2021/04/23,10500,0,0.0,10500,10600,10350,3361830,35312010350,7583810671500,722267683
2021/04/22,10500,350,3.45,10350,10600,10300,5096248,53490448300,7583810671500,722267683
2021/04/21,10150,-250,-2.4,10300,10350,10050,3713285,37827255450,7331016982450,722267683
2021/04/20,10400,150,1.46,10300,10400,10250,1771442,18349158450,7511583903200,722267683
2021/04/19,10250,0,0.0,10250,10350,10250,1502656,15479525200,7403243750750,722267683
2021/04/16,10250,-150,-1.44,10400,10450,10250,2358211,24330756300,7403243750750,722267683
2021/04/15,10400,0,0.0,10400,10550,10350,2458383,25724077300,7511583903200,722267683
2021/04/14,10400,50,0.48,10350,10400,10300,1511168,15631238600,7511583903200,722267683
2021/04/13,10350,-50,-0.48,10450,10450,10300,2097569,21691656350,7475470519050,722267683
2021/04/12,10400,100,0.97,10300,10450,10250,2507164,26018335500,7511583903200,722267683
2021/04/09,10300,-300,-2.83,10500,10500,10200,19929467,205889427690,7439357134900,722267683
2021/04/08,10600,-50,-0.47,10650,10750,10450,2787882,29597734200,7656037439800,722267683
2021/04/07,10650,550,5.45,10150,10850,10150,6075671,64137547900,7692150823950,722267683
2021/04/06,10100,50,0.5,10050,10150,10000,1528992,15410689950,7294903598300,722267683
2021/04/05,10050,50,0.5,10000,10050,9980,1325415,13268084210,7258790214150,722267683
2021/04/02,10000,-50,-0.5,10050,10150,10000,1399373,14077745200,7222676830000,722267683
2021/04/01,10050,-50,-0.5,10100,10150,10000,1842122,18537573100,7258790214150,722267683
2021/03/31,10100,0,0.0,10200,10200,10100,1501140,15230975000,7294903598300,722267683
2021/03/30,10100,0,0.0,10100,10300,10100,1869799,19006842250,7294903598300,722267683
2021/03/29,10100,100,1.0,10050,10150,10000,1715889,17289117550,7294903598300,722267683
2021/03/26,10000,20,0.2,10050,10100,10000,2007029,20177598450,7222676830000,722267683
2021/03/25,9980,40,0.4,9900,10100,9880,1843536,18401994325,7208231476340,722267683
2021/03/24,9940,-110,-1.09,10000,10050,9940,1508908,15068294210,7179340769020,722267683
2021/03/23,10050,-50,-0.5,10100,10200,9990,1372690,13802983120,7258790214150,722267683
2021/03/22,10100,-50,-0.49,10100,10200,10000,1656492,16769380900,7294903598300,722267683
2021/03/19,10150,100,1.0,10150,10200,10050,2969786,30067260150,7331016982450,722267683
2021/03/18,10050,50,0.5,10000,10100,9890,2447410,24427878110,7258790214150,722267683
2021/03/17,10000,-100,-0.99,10100,10200,9980,1417642,14189769590,7222676830000,722267683
2021/03/16,10100,0,0.0,10100,10200,10100,1492104,15134383750,7294903598300,722267683
2021/03/15,10100,-50,-0.49,10300,10300,10050,2114566,21520753200,7294903598300,722267683
2021/03/12,10150,100,1.0,10000,10150,9880,2384241,23921510480,7331016982450,722267683
2021/03/11,10050,0,0.0,10100,10200,10000,3130712,31599459150,7258790214150,722267683
2021/03/10,10050,-50,-0.5,9950,10100,9850,2651371,26437713260,7258790214150,722267683
2021/03/09,10100,190,1.92,10050,10200,10000,4093277,41387475910,7294903598300,722267683
2021/03/08,9910,300,3.12,9680,9950,9650,3650737,36005802650,7157672738530,722267683
2021/03/05,9610,-90,-0.93,9700,9770,9580,2326215,22475798670,6940992433630,722267683
2021/03/04,9700,-70,-0.72,9740,9790,9610,3036412,29410569830,7005996525100,722267683
2021/03/03,9770,40,0.41,9700,9800,9680,1501636,14646246060,7056555262910,722267683
2021/03/02,9730,150,1.57,9650,9800,9600,2057937,20058857600,7027664555590,722267683
2021/02/26,9580,-240,-2.44,9750,9790,9510,2794858,26896893480,6919324403140,722267683
2021/02/25,9820,160,1.66,9710,9870,9670,1898519,18611871610,7092668647060,722267683
2021/02/24,9660,60,0.63,9620,9780,9620,2631640,25587893790,6977105817780,722267683
2021/02/23,9600,10,0.1,9690,9700,9590,1438638,13889856990,6933769756800,722267683
2021/02/22,9590,0,0.0,9610,9680,9560,1681477,16193208270,6926547079970,722267683
2021/02/19,9590,140,1.48,9410,9590,9380,1234105,11739128860,6926547079970,722267683
2021/02/18,9450,-130,-1.36,9550,9610,9450,1289629,12257326070,6825429604350,722267683
2021/02/17,9580,-40,-0.42,9630,9750,9570,1924023,18561644200,6919324403140,722267683
2021/02/16,9620,-30,-0.31,9610,9650,9530,1312141,12561091250,6948215110460,722267683
2021/02/15,9650,70,0.73,9620,9730,9600,1764113,17080504480,6969883140950,722267683
2021/02/10,9580,170,1.81,9430,9640,9400,2106766,20113238420,6919324403140,722267683
2021/02/09,9410,0,0.0,9410,9500,9310,1629284,15365570940,6796538897030,722267683
2021/02/08,9410,80,0.86,9290,9530,9260,2028560,19158951060,6796538897030,722267683
2021/02/05,9330,320,3.55,9020,9330,9010,2103639,19367146750,6738757482390,722267683
2021/02/04,9010,-90,-0.99,9120,9120,8910,1734561,15621145160,6507631823830,722267683
2021/02/03,9100,80,0.89,9130,9280,9020,2006185,18335781480,6572635915300,722267683
2021/02/02,9020,30,0.33,9040,9160,8960,1599707,14502508260,6514854500660,722267683
2021/02/01,8990,190,2.16,8880,9090,8800,1686081,15176625110,6493186470170,722267683
2021/01/29,8800,-300,-3.3,9130,9150,8800,3109326,27780689300,6355955610400,722267683
2021/01/28,9100,-230,-2.47,9200,9200,9050,1725604,15714281800,6572635915300,722267683
2021/01/27,9330,20,0.21,9400,9440,9300,1294345,12110573570,6738757482390,722267683
2021/01/26,9310,-210,-2.21,9470,9550,9300,2478368,23258017430,6724312128730,722267683
2021/01/25,9520,0,0.0,9550,9590,9460,1472082,14045822610,6875988342160,722267683
2021/01/22,9520,-120,-1.24,9630,9640,9500,2337936,22331108220,6875988342160,722267683
2021/01/21,9640,-100,-1.03,9760,9790,9640,1901090,18447121950,6962660464120,722267683
2021/01/20,9740,-160,-1.62,9860,9870,9680,2686408,26186065680,7034887232420,722267683
2021/01/19,9900,150,1.54,9800,9970,9770,1897736,18772947830,7150450061700,722267683
2021/01/18,9750,-170,-1.71,9910,9920,9750,2130656,20890524730,7042109909250,722267683
2021/01/15,9920,-180,-1.78,10200,10250,9920,2747325,27530362290,7164895415360,722267683
2021/01/14,10100,50,0.5,10100,10200,10000,3357127,33927282300,7294903598300,722267683
2021/01/13,10050,330,3.4,9840,10100,9830,5405431,54116225790,7258790214150,722267683
2021/01/12,9720,0,0.0,9820,9850,9560,2818731,27419858460,7020441878760,722267683
2021/01/11,9720,-190,-1.92,9910,9910,9610,3646861,35573786670,7020441878760,722267683
2021/01/08,9910,70,0.71,9900,9920,9730,3068580,30185974990,7157672738530,722267683
2021/01/07,9840,260,2.71,9800,9920,9720,4155453,40875141110,7107114000720,722267683
2021/01/06,9580,-30,-0.31,9590,9730,9450,3594459,34458919330,6919324403140,722267683
2021/01/05,9610,100,1.05,9530,9630,9410,2318934,22000301870,6940992433630,722267683
2021/01/04,9510,-220,-2.26,9600,9700,9510,2227495,21252100640,6868765665330,722267683
2020/12/30,9730,40,0.41,9650,9750,9500,2031362,19553199470,7027664555590,722267683
2020/12/29,9690,-460,-4.53,9750,9760,9610,4206637,40694601130,6998773848270,722267683
2020/12/28,10150,0,0.0,10200,10300,10100,4970135,50670466100,7331016982450,722267683
2020/12/24,10150,150,1.5,10050,10150,10000,1884212,19025720950,7331016982450,722267683
2020/12/23,10000,30,0.3,10000,10100,9940,1542164,15425281270,7222676830000,722267683
2020/12/22,9970,-30,-0.3,10000,10100,9970,1770197,17743565350,7201008799510,722267683
2020/12/21,10000,50,0.5,10000,10050,9960,1390899,13915013150,7222676830000,722267683
2020/12/18,9950,-150,-1.49,10050,10100,9950,2903942,28993102680,7186563445850,722267683
2020/12/17,10100,50,0.5,10050,10100,9990,1806942,18129812610,7294903598300,722267683
2020/12/16,10050,50,0.5,10100,10150,10050,1223598,12342234000,7258790214150,722267683
2020/12/15,10000,-100,-0.99,10100,10150,10000,1878547,18849322050,7222676830000,722267683
2020/12/14,10100,-200,-1.94,10250,10300,10100,1795461,18276211100,7294903598300,722267683
2020/12/11,10300,250,2.49,10150,10300,10100,2085951,21350266550,7439357134900,722267683
2020/12/10,10050,50,0.5,10000,10150,9910,3031392,30441363470,7258790214150,722267683
2020/12/09,10000,50,0.5,9880,10100,9870,1800969,18014937810,7222676830000,722267683
2020/12/08,9950,-100,-1.0,10050,10050,9920,1669707,16623509490,7186563445850,722267683
2020/12/07,10050,0,0.0,10050,10100,9860,2567586,25536751400,7258790214150,722267683
2020/12/04,10050,-50,-0.5,10100,10250,10050,1892627,19172205100,7258790214150,722267683
2020/12/03,10100,-100,-0.98,10200,10200,10050,1848713,18665745300,7294903598300,722267683
2020/12/02,10200,100,0.99,10150,10250,10050,1616469,16419581700,7367130366600,722267683
2020/12/01,10100,270,2.75,9990,10250,9960,1487058,15068551290,7294903598300,722267683
2020/11/30,9830,-370,-3.63,10300,10300,9830,3694198,36789634590,7099891323890,722267683
2020/11/27,10200,-100,-0.97,10200,10300,10100,1172490,11965867150,7367130366600,722267683
2020/11/26,10300,150,1.48,10100,10300,10050,1641954,16744301150,7439357134900,722267683
2020/11/25,10150,50,0.5,10200,10300,10050,2023589,20629835450,7331016982450,722267683
2020/11/24,10100,50,0.5,10100,10200,10000,1703438,17218020000,7294903598300,722267683
2020/11/23,10050,80,0.8,9970,10150,9900,1874230,18850607650,7258790214150,722267683
2020/11/20,9970,70,0.71,9850,9990,9840,1627193,16157576360,7201008799510,722267683
2020/11/19,9900,-100,-1.0,9930,9940,9840,1479302,14613627900,7150450061700,722267683
2020/11/18,10000,90,0.91,9900,10000,9870,1164944,11603038180,7222676830000,722267683
2020/11/17,9910,20,0.2,9910,10100,9860,1877732,18692364130,7157672738530,722267683
2020/11/16,9890,120,1.23,9840,10050,9810,2487395,24787959290,7143227384870,722267683
2020/11/13,9770,-180,-1.81,9850,9950,9750,1687723,16565642380,7056555262910,722267683
2020/11/12,9950,-150,-1.49,10000,10100,9910,2548266,25437396010,7186563445850,722267683
2020/11/11,10100,240,2.43,9850,10200,9840,2554346,25735651050,7294903598300,722267683
2020/11/10,9860,250,2.6,10000,10000,9630,2734226,26934396410,7121559354380,722267683
2020/11/09,9610,90,0.95,9540,9680,9540,1207812,11618209470,6940992433630,722267683
2020/11/06,9520,40,0.42,9430,9530,9430,1361278,12921084620,6875988342160,722267683
2020/11/05,9480,180,1.94,9340,9480,9210,2091838,19686901500,6847097634840,722267683
2020/11/04,9300,-10,-0.11,9400,9410,9210,1947299,18142772160,6717089451900,722267683
2020/11/03,9310,80,0.87,9260,9350,9180,2070668,19238260970,6724312128730,722267683
2020/11/02,9230,340,3.82,8890,9240,8880,1909739,17480788620,6666530714090,722267683
2020/10/30,8890,-120,-1.33,9000,9070,8880,2372661,21289155490,6420959701870,722267683
2020/10/29,9010,-50,-0.55,8830,9070,8810,2064091,18485107270,6507631823830,722267683
2020/10/28,9060,230,2.6,8690,9060,8680,2200171,19660578270,6543745207980,722267683
2020/10/27,8830,-300,-3.29,9030,9040,8760,3478736,30697554890,6377623640890,722267683
2020/10/26,9130,-90,-0.98,9270,9280,9050,2255177,20715077110,6594303945790,722267683
2020/10/23,9220,340,3.83,8980,9240,8970,3248517,29664901170,6659308037260,722267683
2020/10/22,8880,180,2.07,8690,8900,8650,3198811,28233281480,6413737025040,722267683
2020/10/21,8700,130,1.52,8560,8700,8530,1731288,14966654290,6283728842100,722267683
2020/10/20,8570,-30,-0.35,8540,8640,8480,1411564,12083258160,6189834043310,722267683
2020/10/19,8600,190,2.26,8480,8700,8480,2289098,19773608110,6211502073800,722267683
2020/10/16,8410,-60,-0.71,8400,8510,8400,1794370,15137599880,6074271214030,722267683
2020/10/15,8470,-90,-1.05,8510,8540,8450,1294093,10977541160,6117607275010,722267683
2020/10/14,8560,-130,-1.5,8660,8710,8520,1378069,11803847160,6182611366480,722267683
2020/10/13,8690,-20,-0.23,8750,8760,8640,1222174,10617764440,6276506165270,722267683
2020/10/12,8710,50,0.58,8680,8710,8630,1167198,10123867600,6290951518930,722267683
2020/10/08,8660,-10,-0.12,8670,8750,8600,1754142,15201308810,6254838134780,722267683
2020/10/07,8670,170,2.0,8570,8670,8430,1185924,10169123020,6262060811610,722267683
2020/10/06,8500,-150,-1.73,8640,8700,8500,1396053,11985028470,6139275305500,722267683
2020/10/05,8650,70,0.82,8600,8730,8550,1627541,14098036640,6247615457950,722267683
2020/09/29,8580,150,1.78,8500,8580,8490,1772722,15150679240,6197056720140,722267683
2020/09/28,8430,190,2.31,8300,8440,8250,877258,7357175760,6088716567690,722267683
2020/09/25,8240,160,1.98,8140,8290,8120,1018349,8387909730,5951485707920,722267683
2020/09/24,8080,-170,-2.06,8240,8240,8080,1282199,10415925260,5835922878640,722267683
2020/09/23,8250,-10,-0.12,8270,8360,8220,1319212,10901459150,5958708384750,722267683
2020/09/22,8260,-130,-1.55,8350,8400,8250,1978885,16463504680,5965931061580,722267683
2020/09/21,8390,-20,-0.24,8400,8470,8380,975822,8210097150,6059825860370,722267683
2020/09/18,8410,-30,-0.36,8490,8490,8410,1274163,10739863970,6074271214030,722267683
2020/09/17,8440,-70,-0.82,8500,8510,8420,1253269,10592492000,6095939244520,722267683
2020/09/16,8510,-20,-0.23,8460,8520,8450,813220,6900618710,6146497982330,722267683
2020/09/15,8530,0,0.0,8460,8530,8410,1160176,9830427030,6160943335990,722267683
2020/09/14,8530,140,1.67,8430,8540,8400,1171958,9965156380,6160943335990,722267683
2020/09/11,8390,-30,-0.36,8380,8430,8370,1222159,10254970420,6059825860370,722267683
2020/09/10,8420,0,0.0,8420,8480,8380,1764579,14878954990,6081493890860,722267683
2020/09/09,8420,-70,-0.82,8450,8480,8360,1414235,11882815310,6081493890860,722267683
2020/09/08,8490,30,0.35,8520,8550,8430,1565828,13280225890,6132052628670,722267683
2020/09/07,8460,0,0.0,8530,8530,8450,1419269,12034249310,6110384598180,722267683
2020/09/04,8460,-130,-1.51,8460,8530,8420,1638579,13861458910,6110384598180,722267683
2020/09/03,8590,-30,-0.35,8640,8670,8580,1074525,9262648060,6204279396970,722267683
2020/09/02,8620,40,0.47,8680,8680,8530,1453357,12457160180,6225947427460,722267683
2020/09/01,8580,120,1.42,8480,8630,8470,1328052,11382989390,6197056720140,722267683
2020/08/31,8460,-180,-2.08,8710,8740,8460,2450013,20949532790,6110384598180,722267683
2020/08/28,8640,30,0.35,8670,8790,8620,1399571,12171062710,6240392781120,722267683
2020/08/27,8610,-190,-2.16,8720,8750,8610,1033160,8930207130,6218724750630,722267683
2020/08/26,8800,-10,-0.11,8760,8800,8610,1590558,13846221800,6355955610400,722267683
2020/08/25,8810,130,1.5,8760,8850,8700,1499954,13146593290,6363178287230,722267683
2020/08/24,8680,90,1.05,8640,8700,8500,1293520,11159904670,6269283488440,722267683
2020/08/21,8590,140,1.66,8480,8690,8480,1172932,10079339220,6204279396970,722267683
2020/08/20,8450,-310,-3.54,8710,8760,8450,1834558,15690510620,6103161921350,722267683
2020/08/19,8760,0,0.0,8750,8860,8750,1080761,9503086860,6327064903080,722267683
2020/08/18,8760,-340,-3.74,9000,9070,8760,2145369,19029083880,6327064903080,722267683
2020/08/14,9100,-110,-1.19,9210,9210,9040,1551834,14135273370,6572635915300,722267683
2020/08/13,9210,-30,-0.32,9200,9300,9110,2968102,27291790410,6652085360430,722267683
2020/08/12,9240,190,2.1,9150,9300,8980,3014579,27578243140,6673753390920,722267683
2020/08/11,9050,160,1.8,8990,9100,8900,3535877,31880201490,6536522531150,722267683
2020/08/10,8890,250,2.89,8650,8890,8600,2647901,23173224280,6420959701870,722267683
2020/08/07,8640,-30,-0.35,8680,8710,8530,1753193,15070714379,6240392781120,722267683
2020/08/06,8670,110,1.29,8550,8790,8550,2423276,21046609700,6262060811610,722267683
2020/08/05,8560,-10,-0.12,8570,8610,8500,1170169,9992855600,6182611366480,722267683
2020/08/04,8570,180,2.15,8380,8570,8380,1390921,11822892650,6189834043310,722267683
2020/08/03,8390,-110,-1.29,8490,8510,8390,1485135,12507106780,6059825860370,722267683
2020/07/31,8500,-180,-2.07,8660,8700,8470,2645106,22590270480,6139275305500,722267683
2020/07/30,8680,10,0.12,8680,8850,8650,1842447,16056327740,6269283488440,722267683
2020/07/29,8670,-10,-0.12,8570,8730,8560,1462380,12657211980,6262060811610,722267683
2020/07/28,8680,-100,-1.14,8750,8790,8630,2168806,18900970200,6269283488440,722267683
2020/07/27,8780,-20,-0.23,8720,8940,8720,780121,6900081600,6341510256740,722267683
2020/07/24,8800,-20,-0.23,8900,8900,8750,709116,6252806660,6355955610400,722267683
2020/07/23,8820,-40,-0.45,8860,8880,8770,1475174,12992434880,6370400964060,722267683
2020/07/22,8860,-80,-0.89,9000,9200,8860,2029753,18327975590,6399291671380,722267683
2020/07/21,8940,-30,-0.33,8960,9070,8850,1532040,13706828370,6457073086020,722267683
2020/07/20,8970,150,1.7,8800,9000,8720,1509594,13417929520,6478741116510,722267683
2020/07/17,8820,-70,-0.79,8890,8930,8800,1170759,10382173420,6370400964060,722267683
2020/07/16,8890,100,1.14,8730,8910,8720,1888066,16682602170,6420959701870,722267683
2020/07/15,8790,290,3.41,8590,8830,8580,2362682,20592779160,6348732933570,722267683
2020/07/14,8500,-100,-1.16,8520,8550,8420,1966804,16702235180,6139275305500,722267683
2020/07/13,8600,190,2.26,8440,8610,8400,1955637,16728585820,6211502073800,722267683
2020/07/10,8410,-300,-3.44,8700,8700,8390,2350749,19915810480,6074271214030,722267683
2020/07/09,8710,-100,-1.14,8810,8830,8710,2074990,18137578210,6290951518930,722267683
2020/07/08,8810,-120,-1.34,8980,8980,8780,1711153,15116172610,6363178287230,722267683
2020/07/07,8930,-130,-1.43,9150,9160,8910,1441525,13015186790,6449850409190,722267683
2020/07/06,9060,110,1.23,9100,9100,8850,1133052,10182252110,6543745207980,722267683
2020/07/03,8950,30,0.34,8950,8990,8880,682717,6104920120,6464295762850,722267683
2020/07/02,8920,-10,-0.11,8930,9010,8890,852921,7615032920,6442627732360,722267683
2020/07/01,8930,120,1.36,8830,9050,8830,870901,7788819380,6449850409190,722267683
2020/06/30,8810,120,1.38,8700,8960,8700,1507048,13323346950,6363178287230,722267683
2020/06/29,8690,-250,-2.8,8710,8770,8620,1644839,14277649790,6276506165270,722267683
2020/06/26,8940,50,0.56,9020,9050,8940,1258950,11301463280,6457073086020,722267683
2020/06/25,8890,-360,-3.89,9010,9130,8890,1777052,15967064750,6420959701870,722267683
2020/06/24,9250,90,0.98,9160,9340,9130,1618665,14935977290,6680976067750,722267683
2020/06/23,9160,-30,-0.33,9170,9260,8980,1770308,16160218420,6615971976280,722267683
2020/06/22,9190,-120,-1.29,9160,9310,9130,1473189,13603039230,6637640006770,722267683
2020/06/19,9310,90,0.98,9340,9410,9120,3300875,30686353010,6724312128730,722267683
2020/06/18,9220,-60,-0.65,9120,9350,9120,1511173,13987225220,6659308037260,722267683
2020/06/17,9280,-160,-1.69,9390,9420,9140,1774921,16386347630,6702644098240,722267683
2020/06/16,9440,560,6.31,9010,9480,9010,2269007,21073337410,6818206927520,722267683
2020/06/15,8880,-470,-5.03,9150,9450,8880,2780928,25427529550,6413737025040,722267683
2020/06/12,9350,-200,-2.09,9020,9350,9020,2944281,27120806860,6753202836050,722267683
2020/06/11,9550,-280,-2.85,9640,9710,9340,3509186,33295768780,6897656372650,722267683
2020/06/10,9830,-20,-0.2,9850,9850,9610,2080846,20281034920,7099891323890,722267683
2020/06/09,9850,-200,-1.99,10000,10100,9770,2476324,24568465010,7114336677550,722267683
2020/06/08,10050,0,0.0,10300,10400,10000,2200043,22178334300,7258790214150,722267683
2020/06/05,10050,50,0.5,10000,10200,9910,2363632,23788085660,7258790214150,722267683
2020/06/04,10000,-350,-3.38,10500,10750,9960,3975345,40475202960,7222676830000,722267683
2020/06/03,10350,650,6.7,9900,10350,9870,4612618,46865664340,7475470519050,722267683
2020/06/02,9700,580,6.36,9070,9880,9060,4494389,42961678280,7005996525100,722267683
2020/06/01,9120,-10,-0.11,9040,9220,8970,2899332,26421513200,6587081268960,722267683
2020/05/29,9130,390,4.46,8630,9130,8550,6520075,58288602290,6594303945790,722267683
2020/05/28,8740,380,4.55,8510,8970,8500,7434397,64907103360,6312619549420,722267683
2020/05/27,8360,170,2.08,8300,8420,8200,3668870,30529768050,6038157829880,722267683
2020/05/26,8190,160,1.99,8010,8250,7970,3097687,25380185570,5915372323770,722267683
2020/05/25,8030,200,2.55,7850,8030,7780,2144354,16963909160,5799809494490,722267683
2020/05/22,7830,-210,-2.61,8020,8070,7800,2688790,21228870680,5655355957890,722267683
2020/05/21,8040,-30,-0.37,8110,8120,8020,2075269,16724193440,5807032171320,722267683
2020/05/20,8070,-80,-0.98,8100,8160,8040,1647548,13346756030,5828700201810,722267683
2020/05/19,8150,300,3.82,8120,8230,8070,3188327,25937295320,5886481616450,722267683
2020/05/18,7850,-100,-1.26,7950,7970,7700,1764831,13775108720,5669801311550,722267683
2020/05/15,7950,140,1.79,7950,7980,7820,1395328,11031411320,5742028079850,722267683
2020/05/14,7810,-200,-2.5,7930,7930,7760,2275911,17840056390,5640910604230,722267683
2020/05/13,8010,160,2.04,7750,8010,7710,1497535,11748660920,5785364140830,722267683
2020/05/12,7850,-160,-2.0,7960,7980,7800,1968981,15486112850,5669801311550,722267683
2020/05/11,8010,-60,-0.74,8070,8140,8000,1573880,12696715730,5785364140830,722267683
2020/05/08,8070,50,0.62,8120,8130,8060,1686237,13635694360,5828700201810,722267683
2020/05/07,8020,-40,-0.5,7960,8060,7930,2066022,16509055230,5792586817660,722267683
2020/05/06,8060,60,0.75,8100,8140,8020,2677849,21571045710,5821477524980,722267683
2020/05/04,8000,-440,-5.21,8200,8240,8000,3931182,31801922360,5778141464000,722267683
2020/04/29,8440,10,0.12,8450,8600,8400,2538326,21568031530,6095939244520,722267683
2020/04/28,8430,100,1.2,8430,8850,8280,4589743,39070222680,6088716567690,722267683
2020/04/27,8330,480,6.11,7920,8420,7900,4592760,37964902410,6016489799390,722267683
2020/04/24,7850,-60,-0.76,7820,7890,7800,1974492,15469544960,5669801311550,722267683
2020/04/23,7910,-60,-0.75,7940,7990,7840,2029649,16104864090,5713137372530,722267683
2020/04/22,7970,30,0.38,7800,8030,7760,2288429,18029055170,5756473433510,722267683
2020/04/21,7940,-180,-2.22,8060,8100,7800,2860195,22708041920,5734805403020,722267683
2020/04/20,8120,-100,-1.22,8220,8260,8070,2466401,20174472720,5864813585960,722267683
2020/04/17,8220,120,1.48,8150,8300,8120,2787177,22946540780,5937040354260,722267683
2020/04/16,8100,-60,-0.74,8030,8100,7910,2905308,23335175580,5850368232300,722267683
2020/04/14,8160,260,3.29,7970,8160,7930,2682703,21598326090,5893704293280,722267683
2020/04/13,7900,-70,-0.88,7990,8200,7900,3178099,25441658940,5705914695700,722267683
2020/04/10,7970,330,4.32,7760,8000,7670,4688039,36931619410,5756473433510,722267683
2020/04/09,7640,100,1.33,7680,7720,7570,2442384,18655130330,5518125098120,722267683
2020/04/08,7540,-210,-2.71,7720,7720,7510,3252387,24718279480,5445898329820,722267683
2020/04/07,7750,130,1.71,7810,7890,7590,3045444,23586770670,5597574543250,722267683
2020/04/06,7620,320,4.38,7400,7620,7330,2366158,17743028430,5503679744460,722267683
2020/04/03,7300,-90,-1.22,7310,7450,7210,2023409,14800383600,5272554085900,722267683
2020/04/02,7390,120,1.65,7220,7430,7150,2165739,15817222470,5337558177370,722267683
2020/04/01,7270,-380,-4.97,7510,7640,7270,2763532,20682153780,5250886055410,722267683
2020/03/31,7650,160,2.14,7600,7760,7450,3074550,23412829630,5525347774950,722267683
2020/03/30,7490,-110,-1.45,7280,7580,7200,2592138,19013029840,5409784945670,722267683
2020/03/27,7600,300,4.11,7610,7760,7350,4177831,31487119150,5489234390800,722267683
2020/03/26,7300,-110,-1.48,7490,7620,7280,5269532,39174004420,5272554085900,722267683
2020/03/25,7410,460,6.62,7220,7660,7180,5753690,42343467790,5352003531030,722267683
2020/03/24,6950,390,5.95,6710,6970,6570,3259220,22158610390,5019760396850,722267683
2020/03/23,6560,-880,-11.83,6720,6860,6450,3892290,25768513120,4738076000480,722267683
2020/03/20,7440,880,13.41,6700,7440,6320,4574529,31457996450,5373671561520,722267683
2020/03/19,6560,-440,-6.29,7200,7220,6450,3761628,25337260990,4738076000480,722267683
2020/03/18,7000,-310,-4.24,7310,7350,6970,3167429,22593133970,5055873781000,722267683
2020/03/17,7310,-320,-4.19,7220,7450,7100,3269796,23805829840,5279776762730,722267683
2020/03/16,7630,-140,-1.8,7910,8120,7620,2427785,18992261990,5510902421290,722267683
2020/03/13,7770,-450,-5.47,7400,8010,7310,4111531,31329049310,5612019896910,722267683
2020/03/12,8220,-350,-4.08,8520,8570,8050,4539764,37231680860,5937040354260,722267683
2020/03/11,8570,70,0.82,8500,8850,8450,2784860,24029618610,6189834043310,722267683
2020/03/10,8500,-100,-1.16,8350,8590,8340,3053823,25933399680,6139275305500,722267683
2020/03/09,8600,-600,-6.52,9060,9080,8550,3813212,33179611240,6211502073800,722267683
2020/03/06,9200,-210,-2.23,9350,9390,9160,2482103,22856337530,6644862683600,722267683
2020/03/05,9410,-220,-2.28,9640,9700,9410,2396057,22774168780,6796538897030,722267683
2020/03/04,9630,160,1.69,9550,9630,9430,2467520,23586208250,6955437787290,722267683
2020/03/03,9470,-20,-0.21,9630,9700,9440,1895258,18116887060,6839874958010,722267683
2020/03/02,9490,-120,-1.25,9610,9690,9410,2018623,19180093560,6854320311670,722267683
2020/02/28,9610,-300,-3.03,9900,9900,9560,7798094,75052227750,6940992433630,722267683
2020/02/27,9910,100,1.02,9800,9970,9760,1695039,16774728560,7157672738530,722267683
2020/02/26,9810,20,0.2,9680,9870,9650,2313423,22637890830,7085445970230,722267683
2020/02/25,9790,390,4.15,9330,9940,9330,2806191,27415170240,7071000616570,722267683
2020/02/24,9400,-410,-4.18,9630,9650,9400,2931508,27813780240,6789316220200,722267683
2020/02/21,9810,-140,-1.41,9900,9920,9780,1934880,19028033290,7085445970230,722267683
2020/02/20,9950,-100,-1.0,10050,10100,9920,2027448,20233488360,7186563445850,722267683
2020/02/19,10050,-50,-0.5,10150,10200,9980,2470480,24791713730,7258790214150,722267683
2020/02/18,10100,-150,-1.46,10250,10250,10050,1732291,17545545300,7294903598300,722267683
2020/02/17,10250,50,0.49,10250,10350,10100,1524835,15598089950,7403243750750,722267683
2020/02/14,10200,-100,-0.97,10300,10450,10200,1600077,16518071300,7367130366600,722267683
2020/02/13,10300,-50,-0.48,10400,10450,10250,3613607,37342227000,7439357134900,722267683
2020/02/12,10350,0,0.0,10300,10450,10250,2691818,27806423400,7475470519050,722267683
2020/02/11,10350,200,1.97,10200,10400,10150,1714546,17719501800,7475470519050,722267683
2020/02/10,10150,-150,-1.46,10300,10300,10100,2081767,21129146200,7331016982450,722267683
2020/02/07,10300,-200,-1.9,10400,10500,10250,1449936,14979684950,7439357134900,722267683
2020/02/06,10500,250,2.44,10350,10600,10250,1456961,15256424150,7583810671500,722267683
2020/02/05,10250,100,0.99,10250,10350,10200,1501623,15415296200,7403243750750,722267683
2020/02/04,10150,50,0.5,10100,10300,10000,1994252,20243603891,7331016982450,722267683
2020/02/03,10100,-50,-0.49,10100,10300,10000,2008530,20372395400,7294903598300,722267683
2020/01/31,10150,-250,-2.4,10350,10450,10150,2269107,23384697900,7331016982450,722267683
2020/01/30,10400,0,0.0,10400,10550,10300,1723167,17897878250,7511583903200,722267683
2020/01/29,10400,50,0.48,10400,10450,10300,1349069,14030842900,7511583903200,722267683
2020/01/28,10350,-450,-4.17,10500,10600,10250,2165380,22437665050,7475470519050,722267683
2020/01/23,10800,-50,-0.46,10700,10800,10650,1655312,17779058950,7800490976400,722267683
2020/01/22,10850,100,0.93,10800,10900,10750,2175931,23579026650,7836604360550,722267683
2020/01/21,10750,-150,-1.38,10900,11050,10650,1902860,20600990000,7764377592250,722267683
2020/01/20,10900,250,2.35,10600,11050,10600,2230983,24346102050,7872717744700,722267683
2020/01/17,10650,0,0.0,10650,10700,10550,1196984,12736842150,7692150823950,722267683
2020/01/16,10650,-100,-0.93,10700,10750,10500,1667843,17751429200,7692150823950,722267683
2020/01/15,10750,100,0.94,10600,10750,10550,1329641,14221613200,7764377592250,722267683
2020/01/14,10650,50,0.47,10600,10700,10550,1971660,20993816950,7692150823950,722267683
2020/01/13,10600,100,0.95,10400,10600,10350,1568122,16522517950,7656037439800,722267683
2020/01/10,10500,-150,-1.41,10650,10650,10350,3032036,31748500000,7583810671500,722267683
2020/01/09,10650,0,0.0,10750,10800,10650,2972119,31731410650,7692150823950,722267683
2020/01/08,10650,-450,-4.05,11000,11000,10600,2640130,28196880600,7692150823950,722267683
2020/01/07,11100,50,0.45,11100,11150,11050,1934745,21443967050,8017171281300,722267683
2020/01/06,11050,-250,-2.21,11250,11350,11000,1734281,19274367600,7981057897150,722267683
2020/01/03,11300,-100,-0.88,11500,11550,11300,1670932,19034980900,8161624817900,722267683
2020/01/02,11400,-200,-1.72,11600,11750,11400,1549105,17774484650,8233851586200,722267683
2019/12/30,11600,-50,-0.43,11650,11700,11600,1026472,11941232700,8378305122800,722267683
2019/12/27,11650,-600,-4.9,11650,11750,11600,2953576,34453551050,8414418506950,722267683
2019/12/26,12250,200,1.66,12050,12250,12050,2046748,24886842150,8847779116750,722267683
2019/12/24,12050,-100,-0.82,12200,12200,12000,1307048,15815710600,8703325580150,722267683
2019/12/23,12150,150,1.25,12000,12200,11900,1542617,18695209200,8775552348450,722267683
2019/12/20,12000,0,0.0,12050,12100,11950,1972978,23698503250,8667212196000,722267683
2019/12/19,12000,100,0.84,11850,12050,11850,1309646,15683474350,8667212196000,722267683
2019/12/18,11900,50,0.42,11900,12100,11850,2104541,25150502450,8594985427700,722267683
2019/12/17,11850,-100,-0.84,11900,11950,11750,1614260,19082757350,8558872043550,722267683
2019/12/16,11950,-200,-1.65,12150,12250,11850,2306051,27785286500,8631098811850,722267683
2019/12/13,12150,350,2.97,11850,12200,11850,2382907,28908241850,8775552348450,722267683
2019/12/12,11800,450,3.96,11400,11800,11350,2918833,34232984775,8522758659400,722267683
2019/12/11,11350,0,0.0,11350,11400,11300,1484637,16842594950,8197738202050,722267683
2019/12/10,11350,-100,-0.87,11450,11500,11250,1702639,19346637050,8197738202050,722267683
2019/12/09,11450,100,0.88,11400,11500,11350,1051592,12030451900,8269964970350,722267683
2019/12/06,11350,-50,-0.44,11450,11550,11300,1360666,15517762150,8197738202050,722267683
2019/12/05,11400,-150,-1.3,11550,11700,11400,1281630,14776536200,8233851586200,722267683
2019/12/04,11550,0,0.0,11500,11650,11400,1617238,18653682350,8342191738650,722267683
2019/12/03,11550,-150,-1.28,11650,11650,11500,1308107,15143299150,8342191738650,722267683
2019/12/02,11700,0,0.0,11700,11800,11650,971068,11374756250,8450531891100,722267683
2019/11/29,11700,-100,-0.85,11850,11950,11700,2307378,27203118700,8450531891100,722267683
2019/11/28,11800,-50,-0.42,11900,11950,11800,864934,10244410300,8522758659400,722267683
2019/11/27,11850,0,0.0,11950,12000,11800,1010301,11993879100,8558872043550,722267683
2019/11/26,11850,-100,-0.84,12050,12100,11850,3336907,39719366750,8558872043550,722267683
2019/11/25,11950,-100,-0.83,12050,12100,11950,1311740,15745626200,8631098811850,722267683
2019/11/22,12050,200,1.69,11950,12150,11900,15109269,173411057332,8703325580150,722267683
2019/11/21,11850,-400,-3.27,12300,12300,11800,1868546,22316588400,8558872043550,722267683
2019/11/20,12250,50,0.41,12100,12350,12050,1449259,17726234800,8847779116750,722267683
2019/11/19,12200,-50,-0.41,12200,12300,12100,821362,9999578550,8811665732600,722267683
2019/11/18,12250,-150,-1.21,12400,12450,12150,888420,10857788350,8847779116750,722267683
2019/11/15,12400,400,3.33,12050,12450,12000,1298618,16009235750,8956119269200,722267683
2019/11/14,12000,-100,-0.83,12050,12100,11900,1328495,15905623200,8667212196000,722267683
2019/11/13,12100,-300,-2.42,12250,12350,12100,793155,9633524700,8739438964300,722267683
2019/11/12,12400,200,1.64,12250,12400,12200,680939,8374390550,8956119269200,722267683
2019/11/11,12200,-100,-0.81,12300,12350,12150,624398,7632686600,8811665732600,722267683
2019/11/08,12300,0,0.0,12250,12400,12200,999480,12290586550,8883892500900,722267683
2019/11/07,12300,200,1.65,12100,12300,12050,695662,8510186950,8883892500900,722267683
2019/11/06,12100,0,0.0,12100,12200,12050,963605,11669954650,8739438964300,722267683
2019/11/05,12100,0,0.0,12100,12100,12000,714150,8623425650,8739438964300,722267683
2019/11/04,12100,300,2.54,11900,12150,11850,1015567,12239158850,8739438964300,722267683
2019/11/01,11800,50,0.43,11750,11850,11700,581586,6864863600,8522758659400,722267683
2019/10/31,11750,-50,-0.42,11800,11900,11750,1519943,17933098050,8486645275250,722267683
2019/10/30,11800,-300,-2.48,12150,12150,11700,1281450,15122996800,8522758659400,722267683
2019/10/29,12100,100,0.83,12050,12150,11850,1311060,15742943300,8739438964300,722267683
2019/10/28,12000,-400,-3.23,12400,12400,11950,1099262,13290691994,8667212196000,722267683
2019/10/25,12400,-50,-0.4,12300,12400,12150,1272854,15628468950,8956119269200,722267683
2019/10/24,12450,100,0.81,12250,12500,12200,1144400,14134443500,8992232653350,722267683
2019/10/23,12350,-250,-1.98,12500,12550,12250,1135216,14030255954,8920005885050,722267683
2019/10/22,12600,450,3.7,12200,12600,12200,1925935,23999685600,9100572805800,722267683
2019/10/21,12150,100,0.83,12100,12250,12050,804460,9794357050,8775552348450,722267683
2019/10/18,12050,-50,-0.41,12150,12250,11950,1700727,20558354450,8703325580150,722267683
2019/10/17,12100,300,2.54,11950,12350,11850,2135317,25898595250,8739438964300,722267683
2019/10/16,11800,100,0.85,11900,11950,11700,1307273,15488744550,8522758659400,722267683
2019/10/15,11700,-100,-0.85,11750,11850,11600,1611444,18837064000,8450531891100,722267683
2019/10/14,11800,300,2.61,11650,11950,11600,2122477,25092573200,8522758659400,722267683
2019/10/11,11500,300,2.68,11300,11600,11250,1938779,22161436950,8306078354500,722267683
2019/10/10,11200,-550,-4.68,11550,11600,11200,3462956,39108499050,8089398049600,722267683
2019/10/08,11750,0,0.0,11700,11900,11700,1731014,20427430200,8486645275250,722267683
2019/10/07,11750,-150,-1.26,11900,12000,11700,841138,9928287050,8486645275250,722267683
2019/10/04,11900,0,0.0,11850,12050,11800,1042925,12437830750,8594985427700,722267683
2019/10/02,11900,-400,-3.25,12250,12250,11850,1619725,19397534800,8594985427700,722267683
2019/10/01,12300,-150,-1.2,12350,12450,12300,886532,10958966950,8883892500900,722267683
2019/09/30,12450,350,2.89,12050,12450,12050,1380560,17070227800,8992232653350,722267683
2019/09/27,12100,-500,-3.97,12600,12600,12050,1997186,24425549050,8739438964300,722267683
2019/09/26,12600,200,1.61,12450,12600,12450,30155427,374345024006,9100572805800,722267683
2019/09/25,12400,-200,-1.59,12450,12600,12400,1693306,21113274400,8434037394400,680164306
2019/09/24,12600,100,0.8,12450,12600,12400,1061042,13267548850,8570070255600,680164306
2019/09/23,12500,-100,-0.79,12500,12600,12400,700538,8748534150,8502053825000,680164306
2019/09/20,12600,200,1.61,12300,12600,12300,1749478,21851234850,8570070255600,680164306
2019/09/19,12400,-150,-1.2,12500,12600,12300,929961,11553261150,8434037394400,680164306
2019/09/18,12550,0,0.0,12550,12700,12450,875409,11005959600,8536062040300,680164306
2019/09/17,12550,-50,-0.4,12550,12750,12500,1142962,14422426950,8536062040300,680164306
2019/09/16,12600,150,1.2,12600,12800,12550,1163504,14722490400,8570070255600,680164306
2019/09/11,12450,100,0.81,12400,12600,12350,2048866,25569209650,8468045609700,680164306
2019/09/10,12350,250,2.07,12200,12350,12150,1216701,14898696500,8400029179100,680164306
2019/09/09,12100,50,0.41,12050,12200,12050,730744,8856517600,8229988102600,680164306
2019/09/06,12050,0,0.0,12050,12250,12050,785871,9517686350,8195979887300,680164306
2019/09/05,12050,-50,-0.41,12000,12350,11950,1347959,16352093950,8195979887300,680164306
2019/09/04,12100,200,1.68,11850,12100,11800,1184417,14206831050,8229988102600,680164306
2019/09/03,11900,0,0.0,11850,12000,11800,921949,10987405300,8093955241400,680164306
2019/09/02,11900,0,0.0,11750,12050,11600,863743,10264311550,8093955241400,680164306
2019/08/30,11900,650,5.78,11350,11950,11350,1603022,18821293600,8093955241400,680164306
2019/08/29,11250,50,0.45,11250,11300,11100,715036,8023052750,7651848442500,680164306
2019/08/28,11200,-50,-0.44,11300,11400,11150,892865,10020546700,7617840227200,680164306
2019/08/27,11250,-300,-2.6,11550,11600,11200,2245704,25388931650,7651848442500,680164306
2019/08/26,11550,0,0.0,11400,11650,11350,673615,7749753100,7855897734300,680164306
2019/08/23,11550,-100,-0.86,11550,11650,11450,569768,6588162500,7855897734300,680164306
2019/08/22,11650,50,0.43,11600,11750,11550,1223589,14273807900,7923914164900,680164306
2019/08/21,11600,0,0.0,11550,11700,11450,1046215,12109795050,7889905949600,680164306
2019/08/20,11600,0,0.0,11550,11700,11450,974023,11308387150,7889905949600,680164306
2019/08/19,11600,300,2.65,11250,11700,11200,1232386,14188661100,7889905949600,680164306
2019/08/16,11300,-300,-2.59,11500,11550,11300,1092746,12409239700,7685856657800,680164306
2019/08/14,11600,-150,-1.28,11750,11850,11550,889434,10393631850,7889905949600,680164306
2019/08/13,11750,-200,-1.67,11850,11950,11700,990288,11663722600,7991930595500,680164306
2019/08/12,11950,-200,-1.65,12100,12150,11950,722677,8689725750,8127963456700,680164306
2019/08/09,12150,50,0.41,12200,12300,12100,861928,10532295300,8263996317900,680164306
2019/08/08,12100,0,0.0,12050,12300,12050,1534108,18662589550,8229988102600,680164306
2019/08/07,12100,-150,-1.22,12350,12400,12100,1121069,13662453400,8229988102600,680164306
2019/08/06,12250,-250,-2.0,12400,12500,12050,1625781,19963025700,8332012748500,680164306
2019/08/05,12500,-50,-0.4,12500,12600,12300,1470271,18333324050,8502053825000,680164306
2019/08/02,12550,-550,-4.2,13000,13100,12550,1241170,15764809000,8536062040300,680164306
2019/08/01,13100,0,0.0,13150,13250,13050,652975,8578936000,8910152408600,680164306
2019/07/31,13100,50,0.38,13050,13300,13000,1290810,17009798500,8910152408600,680164306
2019/07/30,13050,-100,-0.76,13250,13250,13000,639595,8363627250,8876144193300,680164306
2019/07/29,13150,-350,-2.59,13550,13600,13100,1553930,20565945950,8944160623900,680164306
2019/07/26,13500,-200,-1.46,13700,13750,13500,1269303,17238124950,9182218131000,680164306
2019/07/25,13700,-300,-2.14,13950,13950,13650,947044,13028952950,9318250992200,680164306
2019/07/24,14000,0,0.0,14000,14100,13950,662109,9294392100,9522300284000,680164306
2019/07/23,14000,200,1.45,13800,14050,13800,998112,13921213900,9522300284000,680164306
2019/07/22,13800,0,0.0,13850,13900,13750,870625,12016107550,9386267422800,680164306
2019/07/19,13800,0,0.0,13800,13900,13750,650271,8986939400,9386267422800,680164306
2019/07/18,13800,0,0.0,13750,13900,13700,569429,7850832650,9386267422800,680164306
2019/07/17,13800,-100,-0.72,13950,13950,13750,605969,8369253300,9386267422800,680164306
2019/07/16,13900,100,0.72,13850,13900,13800,587929,8150551100,9454283853400,680164306
2019/07/15,13800,-50,-0.36,13900,13900,13750,762992,10536834600,9386267422800,680164306
2019/07/12,13850,-50,-0.36,13850,13900,13700,730021,10104658550,9420275638100,680164306
2019/07/11,13900,250,1.83,13600,13900,13600,1253848,17253927950,9454283853400,680164306
2019/07/10,13650,-50,-0.36,13700,13750,13600,569165,7777704700,9284242776900,680164306
2019/07/09,13700,-150,-1.08,13800,13900,13700,483705,6662274300,9318250992200,680164306
2019/07/08,13850,-200,-1.42,13950,14000,13800,533811,7411151800,9420275638100,680164306
2019/07/05,14050,50,0.36,13900,14050,13900,282197,3947090500,9556308499300,680164306
2019/07/04,14000,100,0.72,13950,14000,13800,456111,6340732650,9522300284000,680164306
2019/07/03,13900,-150,-1.07,14100,14100,13850,472116,6579820400,9454283853400,680164306
2019/07/02,14050,50,0.36,14000,14050,13900,435041,6083381050,9556308499300,680164306
2019/07/01,14000,-50,-0.36,14150,14150,14000,478943,6730809150,9522300284000,680164306
2019/06/28,14050,-50,-0.35,14150,14200,14000,770307,10832924050,9556308499300,680164306
2019/06/27,14100,100,0.71,14000,14150,14000,756827,10646101750,9590316714600,680164306
2019/06/26,14000,50,0.36,13950,14050,13850,983283,13743283200,9522300284000,680164306
2019/06/25,13950,-100,-0.71,14100,14200,13900,904327,12663574000,9488292068700,680164306
2019/06/24,14050,50,0.36,14050,14150,13950,1214007,17098044200,9556308499300,680164306
2019/06/21,14000,-400,-2.78,14350,14450,14000,1737283,24593982850,9522300284000,680164306
2019/06/20,14400,0,0.0,14450,14500,14300,1042219,15063081250,9794366006400,680164306
2019/06/19,14400,300,2.13,14200,14400,14100,1444829,20701745550,9794366006400,680164306
2019/06/18,14100,0,0.0,14100,14200,13950,1652139,23249683750,9590316714600,680164306
2019/06/17,14100,150,1.08,14000,14100,13900,859315,12087614250,9590316714600,680164306
2019/06/14,13950,-50,-0.36,14000,14050,13800,1081193,15031768750,9488292068700,680164306
2019/06/13,14000,0,0.0,14000,14100,13800,1341715,18684666800,9522300284000,680164306
2019/06/12,14000,100,0.72,14000,14150,13900,1600476,22437508850,9522300284000,680164306
2019/06/11,13900,50,0.36,13850,13900,13800,939500,13008355750,9454283853400,680164306
2019/06/10,13850,100,0.73,13850,13900,13800,1407551,19455315100,9420275638100,680164306
2019/06/07,13750,-100,-0.72,13850,13900,13650,1239993,17040829200,9352259207500,680164306
2019/06/05,13850,-250,-1.77,14050,14100,13800,1052753,14641621800,9420275638100,680164306
2019/06/04,14100,100,0.71,14050,14150,14000,826032,11626017350,9590316714600,680164306
2019/06/03,14000,100,0.72,13850,14000,13800,1202772,16758534400,9522300284000,680164306
2019/05/31,13900,-200,-1.42,14000,14100,13800,1308995,18210982250,9454283853400,680164306
2019/05/30,14100,100,0.71,14000,14150,13950,751578,10543901160,9590316714600,680164306
2019/05/29,14000,-150,-1.06,14200,14250,13900,1059910,14857483550,9522300284000,680164306
2019/05/28,14150,50,0.35,14100,14200,14000,1802813,25470834650,9624324929900,680164306
2019/05/27,14100,-150,-1.05,14200,14250,14000,761694,10722352600,9590316714600,680164306
2019/05/24,14250,300,2.15,13950,14250,13950,1131257,16022213900,9692341360500,680164306
2019/05/23,13950,-100,-0.71,14050,14050,13900,831364,11629818000,9488292068700,680164306
2019/05/22,14050,200,1.44,13900,14050,13800,976568,13623567050,9556308499300,680164306
2019/05/21,13850,100,0.73,13750,13900,13750,754764,10442780500,9420275638100,680164306
2019/05/20,13750,50,0.36,13750,13850,13700,668952,9225435700,9352259207500,680164306
2019/05/17,13700,-100,-0.72,13900,13950,13700,888163,12258511080,9318250992200,680164306
2019/05/16,13800,-50,-0.36,13750,13950,13750,1058541,14632615100,9386267422800,680164306
2019/05/15,13850,150,1.09,13700,13900,13500,1292151,17749332050,9420275638100,680164306
2019/05/14,13700,100,0.74,13400,13700,13400,1037129,14089030600,9318250992200,680164306
2019/05/13,13600,-200,-1.45,13750,13800,13500,1163225,15840832550,9250234561600,680164306
2019/05/10,13800,-50,-0.36,13900,14050,13750,1087540,15059943250,9386267422800,680164306
2019/05/09,13850,-200,-1.42,14050,14150,13850,1642027,22943314850,9420275638100,680164306
2019/05/08,14050,0,0.0,13900,14200,13850,956350,13447040050,9556308499300,680164306
2019/05/07,14050,100,0.72,13800,14050,13800,1016057,14159715400,9556308499300,680164306
2019/05/03,13950,-250,-1.76,14200,14200,13900,642365,8985474950,9488292068700,680164306
2019/05/02,14200,350,2.53,13850,14200,13800,853449,12023967050,9658333145200,680164306
2019/04/30,13850,-150,-1.07,14100,14150,13850,1246644,17385175100,9420275638100,680164306
2019/04/29,14000,150,1.08,13850,14000,13800,497794,6928360050,9522300284000,680164306
2019/04/26,13850,-150,-1.07,14000,14100,13800,868559,12066555700,9420275638100,680164306
2019/04/25,14000,150,1.08,13800,14000,13750,751660,10475234200,9522300284000,680164306
2019/04/24,13850,-150,-1.07,14000,14050,13750,1066707,14782077200,9420275638100,680164306
2019/04/23,14000,150,1.08,13900,14100,13750,1324375,18418633250,9522300284000,680164306
2019/04/22,13850,-100,-0.72,13900,13950,13850,580501,8053180550,9420275638100,680164306
2019/04/19,13950,-50,-0.36,13950,14050,13950,468664,6549330000,9488292068700,680164306
2019/04/18,14000,-150,-1.06,14150,14150,13950,1096357,15356739950,9522300284000,680164306
2019/04/17,14150,-50,-0.35,14250,14300,14150,794666,11294047900,9624324929900,680164306
2019/04/16,14200,-100,-0.7,14200,14350,14150,1062403,15103725650,9658333145200,680164306
2019/04/15,14300,0,0.0,14300,14450,14250,1040210,14930948600,9726349575800,680164306
2019/04/12,14300,-50,-0.35,14400,14450,14250,1110551,15918648650,9726349575800,680164306
2019/04/11,14350,0,0.0,14350,14450,14250,1882279,26982014600,9760357791100,680164306
2019/04/10,14350,0,0.0,14250,14350,14050,1718389,24491403350,9760357791100,680164306
2019/04/09,14350,50,0.35,14400,14450,14300,1097314,15773197650,9760357791100,680164306
2019/04/08,14300,-100,-0.69,14350,14500,14300,1227406,17625244650,9726349575800,680164306
2019/04/05,14400,-50,-0.35,14500,14600,14350,887367,12810967700,9794366006400,680164306
2019/04/04,14450,50,0.35,14450,14600,14350,1666798,24123542750,9828374221700,680164306
2019/04/03,14400,150,1.05,14100,14400,14100,1241047,17771955750,9794366006400,680164306
2019/04/02,14250,100,0.71,14150,14350,14150,1444377,20625631650,9692341360500,680164306
2019/04/01,14150,400,2.91,13850,14250,13800,2079046,29401443320,9624324929900,680164306
2019/03/29,13750,200,1.48,13600,13850,13550,1995723,27314407950,9352259207500,680164306
2019/03/28,13550,50,0.37,13450,13650,13450,1634096,22117712500,9216226346300,680164306
2019/03/27,13500,150,1.12,13450,13650,13450,1587553,21476552850,9182218131000,680164306
2019/03/26,13350,-50,-0.37,13500,13550,13350,1318663,17715156250,9080193485100,680164306
2019/03/25,13400,-650,-4.63,13900,14000,13350,3167652,42875750550,9114201700400,680164306
2019/03/22,14050,-600,-4.1,14500,14550,14000,23513784,331864073700,9556308499300,680164306
2019/03/21,14650,-350,-2.33,14800,15000,14600,1055925,15554555100,9964407082900,680164306
2019/03/20,15000,100,0.67,14800,15000,14750,581438,8656088250,10202464590000,680164306
2019/03/19,14900,-50,-0.33,15000,15050,14800,995019,14826191262,10134448159400,680164306
2019/03/18,14950,100,0.67,14900,15000,14750,763184,11381163700,10168456374700,680164306
2019/03/15,14850,500,3.48,14400,14850,14350,3539125,52342726850,10100439944100,680164306
2019/03/14,14350,-200,-1.37,14550,14600,14350,1578814,22748840407,9760357791100,680164306
2019/03/13,14550,150,1.04,14300,14550,14250,715885,10332804750,9896390652300,680164306
2019/03/12,14400,250,1.77,14200,14450,14150,841522,12071273150,9794366006400,680164306
2019/03/11,14150,150,1.07,13950,14200,13950,663971,9352211650,9624324929900,680164306
2019/03/08,14000,-200,-1.41,14150,14200,14000,651905,9186031600,9522300284000,680164306
2019/03/07,14200,-150,-1.05,14400,14450,14150,905411,12912363350,9658333145200,680164306
2019/03/06,14350,100,0.7,14350,14450,14150,1117292,15980837100,9760357791100,680164306
2019/03/05,14250,-150,-1.04,14400,14400,14150,1286767,18322053100,9692341360500,680164306
2019/03/04,14400,-400,-2.7,14700,14750,14350,1547446,22487957750,9794366006400,680164306
2019/02/28,14800,0,0.0,14800,14800,14600,2377878,35093424600,10066431728800,680164306
2019/02/27,14800,100,0.68,14650,14850,14500,1573961,23100083250,10066431728800,680164306
2019/02/26,14700,-200,-1.34,14900,14950,14700,890582,13161284950,9998415298200,680164306
2019/02/25,14900,50,0.34,14900,15050,14850,905856,13539179100,10134448159400,680164306
2019/02/22,14850,-250,-1.66,14950,15000,14750,1546763,22940400350,10100439944100,680164306
2019/02/21,15100,-150,-0.98,15200,15250,15050,883514,13355661650,10270481020600,680164306
2019/02/20,15250,-300,-1.93,15400,15500,15100,2923220,44464223600,10372505666500,680164306
2019/02/19,15550,-200,-1.27,15800,15850,15550,974123,15314593450,10576554958300,680164306
2019/02/18,15750,100,0.64,15700,15800,15650,1034314,16278082700,10712587819500,680164306
2019/02/15,15650,-350,-2.19,15800,15850,15600,1276624,20061778200,10644571388900,680164306
2019/02/14,16000,700,4.58,15250,16000,15200,2626606,41225176050,10882628896000,680164306
2019/02/13,15300,-300,-1.92,15600,15600,14950,3961223,60493081000,10406513881800,680164306
